index,year,brand,superbowl_ads_dot_com_url,youtube_url,funny,show_product_quickly,patriotic,celebrity,danger,animals,use_sex,likes,dislikes,ratio,theme,,,,
0,2018,Toyota,https://superbowl-ads.com/good-odds-toyota/,https://www.youtube.com/watch?v=zeBZvwYQ-hA,FALSE,FALSE,FALSE,FALSE,FALSE,FALSE,FALSE,1400,43,97.02%,EMOTIONAL / PARALYMPICS,,,,
1,2020,Bud Light,https://superbowl-ads.com/2020-bud-light-seltzer-inside-posts-brain/,https://www.youtube.com/watch?v=nbbp0VW7z8w,TRUE,TRUE,FALSE,TRUE,TRUE,FALSE,FALSE,1200,26,97.88%,"SHOPPING FOR BUDLIGHT AND SELTZER IS SO GOOD, YOU'LL WANT BOTH",,,,
2,2006,Bud Light,https://superbowl-ads.com/2006-bud-light-bear-attack/,https://www.youtube.com/watch?v=yk0MQD5YgV8,TRUE,FALSE,FALSE,FALSE,TRUE,TRUE,FALSE,131,16,89.12%,ABANDING FRIENDS FOR BEER,,,,
3,2018,Hynudai,https://superbowl-ads.com/hope-detector-nfl-super-bowl-lii-hyundai/,https://www.youtube.com/watch?v=lNPccrGk77A,FALSE,TRUE,FALSE,FALSE,FALSE,FALSE,FALSE,2,0,100.00%,HELPING BY BUYING A HYUNDAI,,,,
4,2003,Bud Light,https://superbowl-ads.com/2003-bud-light-hermit-crab/,https://www.youtube.com/watch?v=ovQYgnXHooY,TRUE,TRUE,FALSE,FALSE,TRUE,TRUE,TRUE,20,0,100.00%,GETTING GIRLS WITH BUD LIGHT,,,,
5,2020,Toyota,https://superbowl-ads.com/2020-toyota-go-places-with-cobie-smulders/,https://www.youtube.com/watch?v=f34Ji70u3nk,TRUE,TRUE,FALSE,TRUE,TRUE,TRUE,FALSE,155,13,92.26%,CAR HAS MORE ROOM,,,,
6,2020,Coca-Cola,https://superbowl-ads.com/2020-coca-cola-energy-show-up/,https://www.youtube.com/watch?v=-gAZRN3SCBw,TRUE,FALSE,FALSE,TRUE,FALSE,TRUE,FALSE,1400,387,78.34%,ENERGY LETS YOU PARTY,,,,
7,2020,Kia,https://superbowl-ads.com/2020-kia-tough-never-quits/,https://www.youtube.com/watch?v=lMs79UXam9A,FALSE,FALSE,FALSE,TRUE,FALSE,FALSE,FALSE,NaN,NaN,NaN,KIA IS AS TOUGH AS A HOMELESS FOOTBALL STAR,,,,
8,2020,Hynudai,https://superbowl-ads.com/2020-hyundai-smaht-pahk/,https://www.youtube.com/watch?v=WBvkmWDjsYc,TRUE,TRUE,FALSE,TRUE,FALSE,TRUE,FALSE,4000,54,98.67%,HELPS YOU PARK IN NJ BUSY BUSY,,,,
9,2020,Budweiser,https://superbowl-ads.com/2020-budweiser-typical-american/,https://www.youtube.com/watch?v=J0xugdotpp8,FALSE,TRUE,TRUE,TRUE,TRUE,FALSE,FALSE,21,2,91.30%,BUD LIGHT HELPS US BE AMERICANS BY CELBRATING,,,,
10,2010,Hynudai,https://superbowl-ads.com/hd-2010-super-bowl-commercial-new-hyundai-super-bowl-44-xliv-ad-hyundai-body-pass-2011-sonata/,https://www.youtube.com/watch?v=dWQqIeAYfK8,FALSE,TRUE,TRUE,FALSE,FALSE,FALSE,FALSE,52,15,77.61%,EVERYONE INVLOLVED BY CARRYING HYUNDAI TO THE LINE,,,,
11,2010,Bud Light,https://superbowl-ads.com/hd-exclusive-bud-light-scientist-2010-superbowl-44-xliv-commercial-ad/,https://www.youtube.com/watch?v=agISXMN4tng,TRUE,FALSE,FALSE,FALSE,TRUE,FALSE,TRUE,10,0,100.00%,LAST DRINK ON EARTH WE DRINK BUD LIGHT,,,,
12,2007,Budweiser,https://superbowl-ads.com/2007-budweiser-king-crab/,https://www.youtube.com/watch?v=7KHlMJE84eA,TRUE,TRUE,FALSE,FALSE,FALSE,TRUE,TRUE,139,25,84.76%,CRABS DRINK TO KING BUD COOLER,,,,
13,2002,Budweiser,https://superbowl-ads.com/2002-budweiser-ground-zero-clydesdales-bow/,https://www.youtube.com/watch?v=1MZUvib98Rs,FALSE,TRUE,TRUE,FALSE,FALSE,TRUE,FALSE,1000,18,98.23%,BUD GETS RIDDEN BY HORSES? NOT CLEAR,,,,
14,2020,NFL,https://superbowl-ads.com/2020-nfl-next-100/,https://www.youtube.com/watch?v=lbkafMhmvMo,FALSE,FALSE,TRUE,TRUE,FALSE,FALSE,FALSE,NaN,NaN,NaN,NFL HERES TO THE NEXT 100,,,,
15,2017,NFL,https://superbowl-ads.com/2017-nfl-super-bowl-51-li-tv-commercial-super-bowl-baby-legends/,https://www.youtube.com/watch?v=9csH_Hy-7A4,FALSE,TRUE,FALSE,FALSE,FALSE,FALSE,FALSE,NaN,NaN,NaN,NFL IS FAMILY,,,,
16,2005,Bud Light,https://superbowl-ads.com/2005-bud-light-parrot/,https://www.youtube.com/watch?v=-gTWA5AsTP8,TRUE,TRUE,FALSE,FALSE,TRUE,TRUE,TRUE,30,0,100.00%,BUD IS REAL LIKE A REAL FRIEND,,,,
17,2009,Pepsi,https://superbowl-ads.com/2009-pepsi-max-im-good/,https://www.youtube.com/watch?v=qUZaSf7T7ig,TRUE,FALSE,FALSE,FALSE,TRUE,FALSE,FALSE,391,13,96.78%,PEPSI MAKES YOU ALL GOOD // FOR MEN,,,,
18,2004,Bud Light,https://superbowl-ads.com/2004-bud-light-frank/,https://www.youtube.com/watch?v=mjN3OY9Eefk,TRUE,TRUE,FALSE,FALSE,FALSE,TRUE,TRUE,125,2,98.43%,BUD MONKEY IS HITTING ON GIRL SMOOTH,,,,
19,2020,Doritos,https://superbowl-ads.com/2020-doritos-the-cool-ranch-with-lil-nas-x-and-sam-elliott/,https://www.youtube.com/watch?v=6xVnq31Vk8Y,TRUE,TRUE,FALSE,TRUE,TRUE,TRUE,FALSE,12000,662,94.77%,LIL NAS SUPERBOWL DANCE OFF OVER DORITOS,,,,
20,2007,Bud Light,https://superbowl-ads.com/2007-bud-light-slap/,https://www.youtube.com/watch?v=aOfRpCp6Pgw,TRUE,TRUE,FALSE,FALSE,TRUE,FALSE,FALSE,109,38,74.15%,BUD ALWAYS WORTH IT,,,,
21,2020,Pepsi,https://superbowl-ads.com/2020-pepsi-zero-sugar-done-right/,https://www.youtube.com/watch?v=Ozb_fJB_z6o,FALSE,TRUE,FALSE,TRUE,FALSE,FALSE,FALSE,164,40,80.39%,PEPSI ZERO DONE RIGHT WITH MUSIC,,,,
22,2019,Hynudai,https://superbowl-ads.com/2019-hyundai-shopper-assurance-the-elevator-with-jason-bateman/,https://www.youtube.com/watch?v=6mfJ0EsqLWs,TRUE,FALSE,TRUE,TRUE,FALSE,FALSE,FALSE,397,28,93.41%,HYUNDAI GIVES YOU ASSURANCE ON SHOPPING,,,,
23,2009,Budweiser,https://superbowl-ads.com/2009-budweiser-clydesdales-generations/,https://www.youtube.com/watch?v=ukpnHh4eEeQ,FALSE,TRUE,TRUE,FALSE,FALSE,TRUE,FALSE,544,16,97.14%,BUD HORSE LOVES AMERICA AND IS A BUD HORSE,,,,
24,2011,Kia,https://superbowl-ads.com/2011-kia-optima-one-epic-ride-super-bowl-xlv-commercial/,https://www.youtube.com/watch?v=8FMU5yPZgwM,TRUE,TRUE,FALSE,FALSE,TRUE,FALSE,TRUE,212,8,96.36%,KIS GIVES THE THRILL OF A MOVIE RIDE,,,,
25,2019,Doritos,https://superbowl-ads.com/2019-doritos-now-its-hot-with-chance-the-rapper-and-backstreet-boys/,https://www.youtube.com/watch?v=NvIcPAxZ39o,FALSE,TRUE,FALSE,TRUE,FALSE,FALSE,FALSE,1300,28,97.89%,DORITOS WANT IT THT WY LIKE CHANCE W/ BACKSTREET BOYS,,,,
26,2019,Pepsi,https://superbowl-ads.com/2019-pepsi-more-than-ok/,https://www.youtube.com/watch?v=64UH1_D95gQ,TRUE,TRUE,FALSE,TRUE,FALSE,FALSE,TRUE,1300,76,94.48%,IS PEPSI OKAY? MORE THAN OKAY,,,,
27,2013,Hynudai,https://superbowl-ads.com/video-2013-hyundai-sonata-turbo-super-bowl-xlvii-stuck/,https://www.youtube.com/watch?v=WTf0XGpINJI,TRUE,TRUE,FALSE,FALSE,TRUE,TRUE,FALSE,22,0,100.00%,HYUNDAI LETS YOU TURBO TO PASS SLOW CARS,,,,
28,2019,NFL,https://superbowl-ads.com/2019-nfl-nfl100/,https://www.youtube.com/watch?v=sl8ooTIMk2w,TRUE,TRUE,FALSE,TRUE,FALSE,FALSE,FALSE,761,17,97.81%,NFL IS A LIFESTYLE THAT LASTS UNTIL YOU'RE OLD,,,,
29,2011,Coca-Cola,https://superbowl-ads.com/2011-coca-cola-border/,https://www.youtube.com/watch?v=Aw6-aXMBseo,FALSE,FALSE,FALSE,FALSE,FALSE,FALSE,FALSE,282,9,96.91%,COCA COLA SURPASSES BORDERS,,,,
30,2019,Pepsi,https://superbowl-ads.com/2019-pepsi-bubly-buble/,https://www.youtube.com/watch?v=I-_Uh-vZXgo,TRUE,TRUE,FALSE,TRUE,FALSE,FALSE,FALSE,1800,28,98.47%,MICHAEL BUBLY BUBLE,,,,
31,2016,Hynudai,https://superbowl-ads.com/hyundai-2016-super-bowl-50-ad-chase/,https://www.youtube.com/watch?v=r_kXSO9Cph0,TRUE,FALSE,FALSE,FALSE,TRUE,TRUE,FALSE,44,4,91.67%,REMOTE START LETS YOU ESCAPE FROM BEARS,,,,
32,2010,Bud Light,https://superbowl-ads.com/hd-exclusive-stranded-budweiser-2010-super-bowl-44-xliv-commercial-ad/,https://www.youtube.com/watch?v=zE7wyUmsM0k,TRUE,FALSE,FALSE,FALSE,FALSE,FALSE,FALSE,127,5,96.21%,BUDLIGHT IS IMPORTANT THAN A RADIO TO HELP ISLAND,,,,
33,2000,E-Trade,https://superbowl-ads.com/2000-etrade-monkey-dance/,https://www.youtube.com/watch?v=Muyq2kMDFoA,TRUE,TRUE,FALSE,FALSE,FALSE,TRUE,FALSE,183,3,98.39%,"ETRADE SPENT 2 MILLION ON COMMERCIAL, WHAT WE DO W/ $",,,,
34,2001,Bud Light,https://superbowl-ads.com/2001-bud-light-otto/,https://www.youtube.com/watch?v=XJEYIR-Cai4,TRUE,TRUE,FALSE,FALSE,FALSE,TRUE,FALSE,11,0,100.00%,BUD DOGGY ATE ALL FOOD BECAUSE BUD LIGHT,,,,
35,2018,Doritos,https://superbowl-ads.com/2018-doritos-blaze-vs-mtn-dew-ice/,https://www.youtube.com/watch?v=rZh_CbcVe7M,TRUE,TRUE,FALSE,TRUE,FALSE,FALSE,FALSE,727,12,98.38%,DORITOS V MTNDEW HOT V COLD,,,,
36,2001,Budweiser,https://superbowl-ads.com/2001-budweiser-what-are-you-doing/,https://www.youtube.com/watch?v=gtmJEt0w1k4,TRUE,TRUE,FALSE,FALSE,FALSE,FALSE,FALSE,242,5,97.98%,BUD WHAT YOU DOING????,,,,
37,2018,Coca-Cola,https://superbowl-ads.com/life-is-short-have-a-diet-coke-because-i-can-diet-coke/,https://www.youtube.com/watch?v=be5DH6jQs38,FALSE,TRUE,FALSE,TRUE,FALSE,FALSE,FALSE,2,0,100.00%,"DIET COKE, HAVE IT, JUST BECAUSE",,,,
38,2013,Hynudai,https://superbowl-ads.com/video-hyundai-2013-super-bowl-xlvii-ad-epic-playdate/,https://www.youtube.com/watch?v=YyKVvAZSAug,FALSE,FALSE,FALSE,FALSE,FALSE,TRUE,FALSE,7,0,100.00%,HYUNDAI TAKES US ON EPIC PLAYDATE,,,,
39,2004,Pepsi,https://superbowl-ads.com/2004-pepsi-bears-find-food/,https://www.youtube.com/watch?v=GzWUUZRli6s,TRUE,FALSE,FALSE,FALSE,FALSE,TRUE,FALSE,339,13,96.31%,BEARS PUT ON DISGUISES JUST TO GET PEPSI,,,,
40,2018,Kia,https://superbowl-ads.com/2018-kia-stinger-steven-tyler-big-game-ad-feel-something-again/,https://www.youtube.com/watch?v=9_dE6Z2HK8I,FALSE,FALSE,FALSE,TRUE,FALSE,FALSE,FALSE,441,12,97.35%,KIA LETS US DREAM ON!!!!,,,,
41,2018,Pepsi,https://superbowl-ads.com/2018_pepsi_this_is_the_pepsi/,https://www.youtube.com/watch?v=0gHYd67OumQ,FALSE,TRUE,TRUE,TRUE,FALSE,FALSE,FALSE,3400,203,94.37%,PEPSI IS THE STAPLE OF OUR POP CULTURE FOREVER,,,,
42,2018,NFL,https://superbowl-ads.com/touchdown-celebrations-to-come-nfl-super-bowl-lii-commercial/,https://www.youtube.com/watch?v=KUoD-gPDahw,TRUE,TRUE,FALSE,TRUE,FALSE,FALSE,FALSE,NaN,NaN,NaN,NFL CELEBRATIONS GIVE US THE TIME OF OUR LIFE,,,,
43,2010,E-Trade,https://superbowl-ads.com/hd-exclusive-e-trade-baby-tears-2010-superbowl-44-xliv-commercial-ad/,https://www.youtube.com/watch?v=LgiYL1Ry2I8,TRUE,TRUE,FALSE,FALSE,FALSE,FALSE,FALSE,23,0,100.00%,TALKING BABIES GIVE US ADVICE ON ETRADE,,,,
44,2017,NFL,https://superbowl-ads.com/2017-nfl-super-bowl-51-li-tv-commercial-inside-lines/,https://www.youtube.com/watch?v=pvKBdrx4quA,FALSE,TRUE,TRUE,TRUE,FALSE,FALSE,FALSE,2200,328,87.03%,INSIDE THE FOOTBALL FIELD/AMERICA WE BRING OUT THE BEST,,,,
45,2000,E-Trade,https://superbowl-ads.com/2000-etrade-money-out-of-the-wazoo/,https://www.youtube.com/watch?v=oftjwYmlfoA,TRUE,TRUE,FALSE,FALSE,TRUE,FALSE,FALSE,176,7,96.17%,"ETRADE MAKES US SO MUCH MONEY, IT COMES OUT THE WAZOO",,,,
46,2007,E-Trade,https://superbowl-ads.com/2007-etrade-one-finger/,https://www.youtube.com/watch?v=jaR5-kefxn4,TRUE,FALSE,TRUE,FALSE,FALSE,FALSE,FALSE,101,23,81.45%,ETRADE GIVES US THE POWER TO POINT A FINGER AT BROKERS,,,,
47,2000,Budweiser,https://superbowl-ads.com/2000-budweiser-whaasup-game/,https://www.youtube.com/watch?v=loimTUjV92Q,TRUE,TRUE,FALSE,FALSE,FALSE,FALSE,FALSE,12,2,85.71%,BUD WAZZUP / PEER PRESSURE TO DRINK,,,,
48,2013,Doritos,https://superbowl-ads.com/video-doritos-2013-super-bowl-xlvii-commercial-goat-for-sale/,https://www.youtube.com/watch?v=DoM6IhfY8No,TRUE,TRUE,FALSE,FALSE,FALSE,TRUE,FALSE,3200,117,96.47%,GOAT EATS ALL DORITOS AND CORNERS MAN WHO STOPS HIM,,,,
49,2013,Budweiser,https://superbowl-ads.com/video-budweiser-black-crown-2013-super-bowl-xlvii-ad-coronation/,https://www.youtube.com/watch?v=AMP9fgyi41M,FALSE,TRUE,FALSE,FALSE,FALSE,FALSE,TRUE,5,3,62.50%,BUD BLACK CROWN IS CLASSY AND DISTINCTIVE,,,,
50,2007,Doritos,https://superbowl-ads.com/2007-doritos-live-the-favor/,https://www.youtube.com/watch?v=kNxgxF-7SfA,TRUE,TRUE,FALSE,FALSE,TRUE,FALSE,TRUE,2500,862,74.36%,DORITOS WILL HELP US FIND A PARTNER,,,,
51,2009,Budweiser,https://superbowl-ads.com/2009-budweiser-clydesdale-plays-fetch/,https://www.youtube.com/watch?v=w_ZEGUX4YnI,TRUE,TRUE,TRUE,FALSE,FALSE,TRUE,FALSE,72,3,96.00%,BUD HORSE WANTS TO BE PUPPY TO DRINK BEER,,,,
52,2012,E-Trade,https://superbowl-ads.com/2012-etrade-fatherhood/,https://www.youtube.com/watch?v=fObt1E6Ij_E,TRUE,FALSE,FALSE,FALSE,FALSE,FALSE,FALSE,1,0,100.00%,ETRADE HELPS US TRADE BETTER,,,,
53,2019,Bud Light,https://superbowl-ads.com/2019-bud-light-medieval-barbers/,https://www.youtube.com/watch?v=hkSQ2Vr41bM,TRUE,TRUE,FALSE,FALSE,FALSE,FALSE,FALSE,71,119,37.37%,EVEN MEDIEVAL BARBERS DRANK BUD LIGHT,,,,
54,2017,Kia,https://superbowl-ads.com/2017-kia-super-bowl-51-li-tv-commercial-heros-journey-starring-melissa-mccarthy/,https://www.youtube.com/watch?v=pVxmT2x3Od4,TRUE,FALSE,FALSE,TRUE,TRUE,TRUE,FALSE,NaN,NaN,NaN,KIA HELPS US SAVE THE WORLD AND BE A WARRIOR,,,,
55,2007,Bud Light,https://superbowl-ads.com/2007-bud-light-but-he-has-bud-light/,https://www.youtube.com/watch?v=qIC90Vnc-OI,TRUE,TRUE,FALSE,FALSE,TRUE,FALSE,FALSE,460,14,97.05%,PICK UP HITCHHIKERS IF THEY HAVE BUD LIGHT,,,,
56,2011,Bud Light,https://superbowl-ads.com/2011-bud-light-dog-sitter/,https://www.youtube.com/watch?v=JJn1vM7LB1Y,TRUE,TRUE,FALSE,FALSE,FALSE,TRUE,FALSE,3,2,60.00%,DOG SITTER USES BUDLIGHT TO THROW PARTY WITH DOGS,,,,
57,2016,Pepsi,https://superbowl-ads.com/pepsi-2016-super-bowl-50-ad-joy-pepsi/,https://www.youtube.com/watch?v=B9j4Cw5dkBs,FALSE,FALSE,FALSE,TRUE,FALSE,FALSE,FALSE,NaN,NaN,NaN,PEPSI SPANS ALL GENERATIONS OF POP CULTURE,,,,
58,2009,Hynudai,https://superbowl-ads.com/2009-hyundai-angry-bosses/,https://www.youtube.com/watch?v=puG0WOgAUfs,TRUE,TRUE,FALSE,FALSE,FALSE,FALSE,FALSE,588,9,98.49%,HYUNDAI IS MAKING ALL CAR BOSSES UPSET DUE TO AN AWARD,,,,
59,2011,Coca-Cola,https://superbowl-ads.com/2011-coca-cola-siege/,https://www.youtube.com/watch?v=nAJvHsVoLq0,TRUE,FALSE,FALSE,FALSE,TRUE,TRUE,FALSE,65,3,95.59%,COLA WILL STOP A GRAGONS BREATH AND THWART INVASION,,,,
60,2016,Hynudai,https://superbowl-ads.com/hyundai-2016-super-bowl-50-ad-ryanville/,https://www.youtube.com/watch?v=wBcijELzZi4,TRUE,TRUE,FALSE,TRUE,FALSE,TRUE,TRUE,150,6,96.15%,ELANTRA BRAKES FOR US WHEN WE'RE DISTRACTED STARING,,,,
61,2009,Doritos,https://superbowl-ads.com/2009-doritos-new-flavor-pitch/,https://www.youtube.com/watch?v=qKKpRhFcKBk,TRUE,TRUE,FALSE,FALSE,FALSE,FALSE,FALSE,123,10,92.48%,DORITOS KNOWS HOW TO MAKE THE BEST FLAVORS,,,,
62,2010,Doritos,https://superbowl-ads.com/hd-exclusive-doritos-samurai-2010-super-bowl-44-xliv-commercial-ad/,https://www.youtube.com/watch?v=1ww1k7w4WQ8,TRUE,TRUE,FALSE,FALSE,TRUE,FALSE,FALSE,1300,33,97.52%,DORITOS NINJA IS HUNTING ALL DORITOS TO EAT,,,,
63,2015,Doritos,https://superbowl-ads.com/2015-doritos-middle-seat/,https://www.youtube.com/watch?v=2JqRXLQYF9o,TRUE,FALSE,FALSE,FALSE,FALSE,FALSE,TRUE,3200,240,93.02%,DORITOS WILL GET OUR IDEAL PASSENGER ON A PLANE,,,,
64,2007,Coca-Cola,https://superbowl-ads.com/2007-coca-cola-video-game/,https://www.youtube.com/watch?v=3Tnm53uXIvg,FALSE,TRUE,TRUE,FALSE,TRUE,TRUE,FALSE,456,50,90.12%,COCA COLA DRINKER IS THE SAVIOUR OF THE CITY,,,,
65,2019,Toyota,https://superbowl-ads.com/2019-toyota-supra-wizard/,https://www.youtube.com/watch?v=ZuBbnZ3UbJw,FALSE,TRUE,FALSE,FALSE,FALSE,FALSE,FALSE,NaN,NaN,NaN,TOYOTA SUPRA CAN NAVIGATE A PINBALL OBSTACLE COURSE,,,,
66,2002,Budweiser,https://superbowl-ads.com/2002-budweiser-how-ya-doin/,https://www.youtube.com/watch?v=mhEYXcCB1Qw,TRUE,TRUE,FALSE,FALSE,FALSE,FALSE,FALSE,423,9,97.92%,BUD GETS PEOPLE TALKING AND TO THE BAR,,,,
67,2014,Coca-Cola,https://superbowl-ads.com/2014-coca-going-all-the-way/,https://www.youtube.com/watch?v=nO-8ZY7p95o,TRUE,FALSE,FALSE,FALSE,FALSE,FALSE,FALSE,17,5,77.27%,COKE HELPS SEND US ALL THE WAY,,,,
68,2004,Budweiser,https://superbowl-ads.com/2004-budweiser-referee/,https://www.youtube.com/watch?v=uO-E2T1hayU,TRUE,FALSE,FALSE,FALSE,FALSE,FALSE,FALSE,NaN,NaN,NaN,BUD HELPS US GET THROUGH LIFE'S STRUGGLES,,,,
69,2016,Coca-Cola,https://superbowl-ads.com/coca-cola-mini-2016-super-bowl-50-ad-hulk-vs-ant-man/,https://www.youtube.com/watch?v=sMkGwCw7iv8,TRUE,TRUE,FALSE,TRUE,TRUE,FALSE,FALSE,260000,8100,96.98%,COKE HAS SUPERHEROES FIGHTING EACH OTHER TO DRINK IT,,,,
70,2015,Budweiser,https://superbowl-ads.com/2015-budweiser-clydesdale-beer-run/,https://www.youtube.com/watch?v=5tso0er4EUI,TRUE,TRUE,FALSE,FALSE,TRUE,TRUE,FALSE,23,4,85.19%,BUD HORSE FORCES US TO BUY BUD BECAUSE ITS GOOD FOR US,,,,
71,2016,Hynudai,https://superbowl-ads.com/hyundai-2016-super-bowl-50-ad-first-date/,https://www.youtube.com/watch?v=KwUUdl22mkA,TRUE,FALSE,FALSE,TRUE,FALSE,FALSE,FALSE,3000,51,98.33%,HYUNDAI HAS CAR TRACKING TO FOLLOW THE CAR AND FIND IT,,,,
72,2001,Bud Light,https://superbowl-ads.com/2001-bud-light-pencil-pusher/,https://www.youtube.com/watch?v=J89vbNUzhIE,TRUE,FALSE,FALSE,FALSE,TRUE,FALSE,TRUE,389,12,97.01%,BUD LIGHT IS MORE ATTRACTIVE TO WORKER THAN SEX,,,,
73,2003,Bud Light,https://superbowl-ads.com/2003-bud-light-strongman/,https://www.youtube.com/watch?v=_cEQ5g6bzdM,TRUE,TRUE,FALSE,FALSE,TRUE,FALSE,FALSE,55,3,94.83%,"BUD LIGHT IS SO ATTRACTIVE, THE OLD AND WEAK CAN FIGHT TO GET IT",,,,
74,2000,Bud Light,https://superbowl-ads.com/2000-bud-light-hold-the-door/,https://www.youtube.com/watch?v=M3IV93HwSkc,TRUE,TRUE,FALSE,FALSE,TRUE,FALSE,FALSE,8,0,100.00%,PEOPLE WOULD RATHER STEAL BUD THAN HELP SOMEONE IN ELEVATOR,,,,
75,2018,Coca-Cola,https://superbowl-ads.com/2018-coca-cola-super-bowl-ad-wonder-us/,https://www.youtube.com/watch?v=ucCvhK2CZMo,FALSE,TRUE,TRUE,FALSE,FALSE,FALSE,FALSE,NaN,NaN,NaN,THERES A UNIQUE COKE FOR EVERY SINGLE PERSON ON EARTH,,,,
76,2001,Pepsi,https://superbowl-ads.com/2001-pepsi-subway-miracle/,https://www.youtube.com/watch?v=1nmPv4M8Ps8,TRUE,FALSE,FALSE,FALSE,FALSE,FALSE,TRUE,6,4,60.00%,PEPSI SENDS US ON OUR DREAM VACATION,,,,
77,2014,Doritos,https://superbowl-ads.com/2014-doritos-cowboy-kid/,https://www.youtube.com/watch?v=1X_M47SQF6s,TRUE,TRUE,FALSE,FALSE,TRUE,TRUE,FALSE,47,5,90.38%,DORITOS HAVE US HELP MOM GET GROCERIES SO WE CAN GET DORITOS,,,,
78,2016,Budweiser,https://superbowl-ads.com/budweiser-2016-super-bowl-50-ad-simply-put/,https://www.youtube.com/watch?v=Le_2S2db0Bk,FALSE,TRUE,FALSE,TRUE,FALSE,FALSE,FALSE,NaN,NaN,NaN,"BUD SHOULD BE ENJOYED RESPONSIBLY, NO DRINKING AND DRIVING",,,,
79,2004,Budweiser,https://superbowl-ads.com/2004-budweiser-donkey/,https://www.youtube.com/watch?v=pmmsr7PAhWU,FALSE,TRUE,TRUE,FALSE,FALSE,TRUE,FALSE,3800,110,97.19%,"BUD DONKEY WANTS TO DRIVE BUDWEISER SO MUCH, HE BECOMES HORSE",,,,
80,2015,Budweiser,https://superbowl-ads.com/budweiser-2015-super-bowl-xlix-ad-brewed-the-hard-way/,https://www.youtube.com/watch?v=7_EfXuGev24,FALSE,TRUE,TRUE,FALSE,FALSE,TRUE,FALSE,NaN,NaN,NaN,BUD IS NOT A CRAFT BEER. BUD IS THE ONLY BEER BEER,,,,
81,2016,Kia,https://superbowl-ads.com/kia-optima-2016-super-bowl-50-ad-walken-closet/,https://www.youtube.com/watch?v=rBkPXt-OpA4,TRUE,FALSE,FALSE,TRUE,FALSE,FALSE,FALSE,145,3,97.97%,KIA SETS US APART FROM A BEIGE WORLD,,,,
82,2017,Budweiser,https://superbowl-ads.com/2017-budweiser-super-bowl-51-li-tv-commercial-born-hard-way/,https://www.youtube.com/watch?v=HtBZvl7dIu4,FALSE,FALSE,TRUE,FALSE,TRUE,FALSE,FALSE,48000,17000,73.85%,IMMIGRANTS STRUGGLED AND CAME HERE TO BREW BUDWEISER,,,,
83,2000,Budweiser,https://superbowl-ads.com/2000-budweiser-talking-dog/,,TRUE,FALSE,FALSE,FALSE,FALSE,TRUE,FALSE,NaN,NaN,NaN,"TALKING DOG GIVES HIS FAVORITE OWNER THE BEST BEER, BUDWEISER",,,,
84,2009,Coca-Cola,https://superbowl-ads.com/2009-coca-cola-heist/,https://www.youtube.com/watch?v=icV7fGqPZ2I,FALSE,TRUE,FALSE,FALSE,FALSE,TRUE,FALSE,1900,332,85.13%,"COKE IS SO GOOD, ALL THE BUGS TEAM UP TO STEAL IT AND DRINK IT",,,,
85,2015,Doritos,https://superbowl-ads.com/doritos-2015-super-bowl-xlix-ad-when-pigs-fly/,https://www.youtube.com/watch?v=YQo0TfuueaY,TRUE,TRUE,TRUE,FALSE,FALSE,TRUE,FALSE,2300,166,93.27%,"KID WANTS DORITO, SO HE MAKES A FLYING PIG",,,,
86,2004,Toyota,https://superbowl-ads.com/2004-toyota-revenge/,https://www.youtube.com/watch?v=5uLJitPWAXM,TRUE,TRUE,FALSE,FALSE,TRUE,FALSE,FALSE,1100,16,98.57%,TOYOTA TACOMA SURVIVES A FALL FROM A CLIFF FACE BECAUSE ITS TOUGH,,,,
87,2016,NFL,https://superbowl-ads.com/nfl-2016-super-bowl-50-ad-super-bowl-babies-choir/,https://www.youtube.com/watch?v=9KqekigARfE,FALSE,FALSE,TRUE,TRUE,FALSE,FALSE,FALSE,21000,2000,91.30%,SUPERBOWL HELPS OUR FAMILIES GROW WITH SUPERBOWL BABIES,,,,
88,2017,Hynudai,https://superbowl-ads.com/2017-hyundai-super-bowl-51-li-tv-commercial-better-super-bowl/,https://www.youtube.com/watch?v=KpN6fxOorwE,FALSE,FALSE,TRUE,FALSE,FALSE,FALSE,FALSE,NaN,NaN,NaN,HYUNDAI SPONSORED MILITARY MEMBERS WATCHING THE SUPERBOWL WITH FAMILY,,,,
89,2012,Bud Light,https://superbowl-ads.com/2012-bud-light-rescue-dog/,https://www.youtube.com/watch?v=Qr3GJqccGi4,TRUE,TRUE,FALSE,FALSE,FALSE,TRUE,TRUE,45,3,93.75%,RESCUE DOG SAVES YOU FROM THIRST WITH BUDLIGHT WHEN YOU CALL HIM,,,,
90,2008,Budweiser,https://superbowl-ads.com/2008-budweiser-dalmatian-trains-hank-for-team/,https://www.youtube.com/watch?v=odpagg0jV6I,FALSE,TRUE,TRUE,FALSE,FALSE,TRUE,FALSE,363,8,97.84%,HORSE IS SAD HE DIDN'T GET SELECTED SO HE TRAINS TO BECOME BUD HORSE,,,,
91,2013,Hynudai,https://superbowl-ads.com/video-hyundai-2013-super-bowl-xlvii-ad-santafe-team/,https://www.youtube.com/watch?v=jvm68nEAU7o,TRUE,TRUE,FALSE,FALSE,TRUE,TRUE,FALSE,1100,14,98.74%,HAVING A HYUNDAI MAKES YOUR CHILD BECOME TOUGHER,,,,
92,2010,Doritos,https://superbowl-ads.com/hd-exclusive-casket-funeral-doritos-2010-super-bowl-44-xliv-commercial-ad/,https://www.youtube.com/watch?v=2IhJl7mBtls,TRUE,TRUE,FALSE,FALSE,FALSE,FALSE,FALSE,26,0,100.00%,"DORITOS IS SO GOOD, YOU'LL FAKE YOUR DEATH TO BE BURIED WITH DORITOS",,,,
93,2016,Bud Light,https://superbowl-ads.com/bud-light-2016-super-bowl-50-ad-the-bud-light-party/,https://www.youtube.com/watch?v=e0ez2t6oRWY,TRUE,TRUE,TRUE,TRUE,FALSE,TRUE,FALSE,NaN,NaN,NaN,BUD LIGHT BRINGS ALL OF AMERICA TOGETHER,,,,
94,2019,Toyota,https://superbowl-ads.com/2019-toyota-toni-with-antoinette-harris/,https://www.youtube.com/watch?v=wegrVsP3gK4,FALSE,TRUE,FALSE,FALSE,FALSE,FALSE,FALSE,44,16,73.33%,RAV4 HYBRID IS UNDERESTIMATED LIKE TONI HARRIS,,,,
95,2009,Bud Light,https://superbowl-ads.com/2009-bud-light-meeting/,https://www.youtube.com/watch?v=L1fL0ZHX2t0,TRUE,TRUE,FALSE,FALSE,TRUE,FALSE,FALSE,196,8,96.08%,BUDLIGHT IS MORE IMPORTANT THAN BONUSES AND MARKETING,,,,
96,2019,Budweiser,https://superbowl-ads.com/2019-budweiser-wind-never-felt-better/,,FALSE,FALSE,FALSE,FALSE,FALSE,TRUE,FALSE,NaN,NaN,NaN,BUDWEISER IS USING WIND POWER TO MAKE BEER,,,,
97,2003,Bud Light,https://superbowl-ads.com/2003-bud-light-yoga/,https://www.youtube.com/watch?v=bcV8WN1YIL4,TRUE,TRUE,FALSE,FALSE,FALSE,FALSE,TRUE,63,18,77.78%,"BUD LIGHT WON'T LET YOU DOWN, UNLIKE GOING TO YOGA TO STARE AT WOMEN",,,,
98,2019,Coca-Cola,https://superbowl-ads.com/2019-coca-cola-a-coke-is-a-coke/,https://www.youtube.com/watch?v=WTqL_giKNHQ,FALSE,TRUE,TRUE,FALSE,FALSE,TRUE,FALSE,441,58,88.38%,COKE IS THE SAME FOR EVERYONE SO EVERYONE IS UNITED BY COKE,,,,
99,2012,Hynudai,https://superbowl-ads.com/2012-hyundai-genesis-heart/,https://www.youtube.com/watch?v=UxQKSCpOIOI,TRUE,TRUE,FALSE,FALSE,TRUE,FALSE,FALSE,6,0,100.00%,"HYUNDAI GENESIS HAS ACCELERATION AND BRAKING SO GOOD, IT JUMPSTARTS A HEART",,,,
100,2011,Hynudai,https://superbowl-ads.com/2011-hyundai-super-bowl-commercial-hypnotized-video/,https://www.youtube.com/watch?v=5ofcQl6gWeE,TRUE,FALSE,FALSE,FALSE,FALSE,FALSE,FALSE,NaN,NaN,NaN,HYUNDAI ELANTRA HYNOTISES YOU INTO BUYING IT,,,,
101,2015,Kia,https://superbowl-ads.com/2015-kia-sorento-the-perfect-getaway-with-pierce-brosnan/,https://www.youtube.com/watch?v=nayeYTmEdYw,TRUE,TRUE,FALSE,TRUE,TRUE,TRUE,TRUE,77,2,97.47%,KIA SORENTO IS THE PERFECT GETAWAY CAR FOR A SUPER SPY AND YOU,,,,
102,2014,Budweiser,https://superbowl-ads.com/2014-budweiser-a-heros-welcome/,https://www.youtube.com/watch?v=XxfxB0O9Uuk,FALSE,FALSE,TRUE,FALSE,FALSE,TRUE,FALSE,NaN,NaN,NaN,BUD LIGHT THREW A COMING HOME PARADE FOR A SOLDIER'S HOMECOMING,,,,
103,2007,Bud Light,https://superbowl-ads.com/2007-bud-light-rock-scissors-paper/,https://www.youtube.com/watch?v=kH50-giCeDM,TRUE,TRUE,FALSE,FALSE,TRUE,FALSE,FALSE,365,10,97.33%,MAN THROWS ROCK AT FRIEND TO GET THE LAST BUD LIGHT,,,,
104,2008,Hynudai,https://superbowl-ads.com/2008-hyundai-genesis-luxury/,https://www.youtube.com/watch?v=PsKJUnGEGSs,FALSE,TRUE,FALSE,FALSE,FALSE,FALSE,FALSE,NaN,NaN,NaN,"HYUNDAI HAS ALL THE PROS OF A BMW AND MERCEDES, BUT NONE OF THE CONS",,,,
105,2010,NFL,https://superbowl-ads.com/2010-nfl-best-fans-on-the-planet/,https://www.youtube.com/watch?v=6cMHr8goUgU,FALSE,FALSE,TRUE,FALSE,FALSE,FALSE,FALSE,508,17,96.76%,NFL HAS THE BEST FANS IN THE WORLD. KEEP WATCHING,,,,
106,2005,Pepsi,https://superbowl-ads.com/2005-pepsi-song-in-a-bottle/,https://www.youtube.com/watch?v=vUwROngDC88,TRUE,TRUE,FALSE,FALSE,FALSE,FALSE,FALSE,4,0,100.00%,EVERY PEPSI BOTTLE HAS A FREE ITUNES SONG IN EVERY BOTTLE,,,,
107,2018,Budweiser,https://superbowl-ads.com/41891-2/,https://www.youtube.com/watch?v=GNVw5f16GEM,FALSE,FALSE,TRUE,FALSE,FALSE,FALSE,FALSE,176,10,94.62%,BUDWEISER SUPPORTS DISASTER RELIEF BY PRODUCING WATER VICE BEER IN TIMES OF NEED,,,,
108,2018,Bud Light,https://superbowl-ads.com/bud-light-the-bud-knight/,https://www.youtube.com/watch?v=UizTtcBsNi8,TRUE,TRUE,FALSE,FALSE,TRUE,TRUE,FALSE,NaN,NaN,NaN,THE BUD KNIGHT IS A FRIEND AND BUD LIGHT WILL BE TOO,,,,
109,2004,Bud Light,https://superbowl-ads.com/2004-bud-light-sleigh-ride/,https://www.youtube.com/watch?v=yQ_nU0_R7PE,TRUE,FALSE,FALSE,FALSE,TRUE,TRUE,TRUE,120,7,94.49%,BUD LIGHT IS ROMANTIC AND GETS YOUR PARTNER EXCITED,,,,
110,2002,Budweiser,https://superbowl-ads.com/2002-budweiser-anniversary-card/,https://www.youtube.com/watch?v=LnU2T2P1oxA,TRUE,FALSE,FALSE,FALSE,FALSE,FALSE,FALSE,59,4,93.65%,BUDLIGHT IS MORE IMPORTANT THAN A LOVE CARD FOR YOUR PARTNER,,,,
111,2006,Budweiser,https://superbowl-ads.com/2006-budweiser-stadium-crowd-wave/,https://www.youtube.com/watch?v=4WeAvfP1ikU,TRUE,TRUE,FALSE,FALSE,FALSE,FALSE,FALSE,84,18,82.35%,AN ENTIRE STADIUM IS HAPPY TO BE DRINKING BUD LIGHT,,,,
112,2014,Bud Light,https://superbowl-ads.com/2014-bud-light-up-for-whatever-2/,https://www.youtube.com/watch?v=PnOW5qj_R6A,FALSE,TRUE,FALSE,TRUE,FALSE,TRUE,TRUE,NaN,NaN,NaN,THE PERFECT BEER FOR WHATEVER HAPPENS,,,,
113,2009,Coca-Cola,https://superbowl-ads.com/2009-coca-cola-avatar/,https://www.youtube.com/watch?v=Kwke0LNardc,TRUE,FALSE,FALSE,FALSE,FALSE,TRUE,FALSE,3500,297,92.18%,COKE BRINGS OUTSIDE OF THE HAZE OF A VIRTUAL WORLD AND LETS US SEE WHO SOMEONE IS,,,,
114,2014,Bud Light,https://superbowl-ads.com/2014-bud-light-up-for-whatever-1/,,TRUE,TRUE,FALSE,TRUE,FALSE,FALSE,TRUE,NaN,NaN,NaN,THE PERFECT BEER FOR WHATEVER HAPPENS,,,,
115,2003,Bud Light,https://superbowl-ads.com/2003-bud-light-third-arm/,,TRUE,TRUE,FALSE,FALSE,FALSE,FALSE,TRUE,NaN,NaN,NaN,"BUD LIGHT IS SO TASTY, IT'LL MAKE YOU WANT THREE ARMS SO YOU NEVER PUT IT DOWN",,,,
116,2014,Toyota,https://superbowl-ads.com/2014-toyota-highlander-no-room-for-boring/,https://www.youtube.com/watch?v=b01P9PaaoLk,TRUE,TRUE,FALSE,TRUE,FALSE,TRUE,FALSE,256,7,97.34%,HIGHLANDER TAKES YOU TO PLACESEVEN CRAZY PERSON PLACES,,,,
117,2009,Bud Light,https://superbowl-ads.com/2009-bud-light-skier/,https://www.youtube.com/watch?v=LEVQAU_LITI,TRUE,TRUE,FALSE,FALSE,TRUE,FALSE,TRUE,34,3,91.89%,"BUDLIGHT IS SMOOTH, NOT LIKE OTHER BEERS",,,,
118,2014,Kia,https://superbowl-ads.com/2014-kia-the-truth/,https://www.youtube.com/watch?v=FTNMYoKHwvU,FALSE,FALSE,FALSE,TRUE,TRUE,FALSE,FALSE,822,5,99.40%,THE NEW KIA IS THE NEW STANDARD FOR LUXURY,,,,
119,2014,Hynudai,https://superbowl-ads.com/2014-hyundai-elantra-nice/,https://www.youtube.com/watch?v=2jMWybAKjWw,TRUE,TRUE,FALSE,TRUE,TRUE,FALSE,TRUE,33,2,94.29%,"HYUNDAI IS SO SAFE, YOU DON'T EVEN HAVE TO LOOK AT THE ROAD",,,,
120,2013,Bud Light,https://superbowl-ads.com/video-bud-light-2013-super-bowl-xlvii-commercial-lucky-chair/,https://www.youtube.com/watch?v=7HMTkEMdqBQ,TRUE,TRUE,TRUE,TRUE,TRUE,TRUE,TRUE,NaN,NaN,NaN,BUDLIGHT IS SO LUCKY LIKE YOUR LUCKY CHAIR,,,,
121,2008,Bud Light,https://superbowl-ads.com/2008-bud-light-wheel-suck/,https://www.youtube.com/watch?v=WX8Du9pusdA,TRUE,TRUE,FALSE,FALSE,FALSE,FALSE,FALSE,764,55,93.28%,EVEN CAVEMEN DRANK BUDLIGHT,,,,
122,2003,Budweiser,https://superbowl-ads.com/2003-budweiser-great-listener/,https://www.youtube.com/watch?v=zx4SnN9HuRw,TRUE,TRUE,FALSE,FALSE,FALSE,FALSE,FALSE,18,3,85.71%,BUDWEISER MAKES YOU LISTEN TO YOUR PARTNER BETTER,,,,
123,2013,Bud Light,https://superbowl-ads.com/video-bud-light-2013-super-bowl-xlvii-ad-journey/,https://www.youtube.com/watch?v=leptS7k6sLE,TRUE,TRUE,FALSE,TRUE,FALSE,FALSE,FALSE,1,0,100.00%,WE'LL DO ANYTHING FOR A BUD LIGHT,,,,
124,2011,Doritos,https://superbowl-ads.com/2011-doritos-pug-attack/,https://www.youtube.com/watch?v=1A6frF5zfDE,TRUE,TRUE,FALSE,FALSE,TRUE,TRUE,FALSE,871,11,98.75%,PUG KNOCKS DOWN DOOR TO GET TO MAN TAUNTING HIM WITH DORITOS,,,,
125,2005,Bud Light,https://superbowl-ads.com/2005-bud-light-skydiver/,https://www.youtube.com/watch?v=Y9wyIID8Khs,TRUE,FALSE,FALSE,FALSE,FALSE,FALSE,FALSE,NaN,NaN,NaN,BUD LIGHT WILL MAKE A PILOT JUMP OUT OF A PLANE FOR BUDLIGHT,,,,
126,2005,Budweiser,https://superbowl-ads.com/2005-budweiser-tryouts/,,TRUE,FALSE,FALSE,FALSE,FALSE,TRUE,FALSE,NaN,NaN,NaN,"BUD LIGHT IS SO GOOD, ALL ANIMALS IN THE WORLD WANT TO BECOME BUD HORSES",,,,
127,2014,Doritos,https://superbowl-ads.com/2014-doritos-time-machine/,https://www.youtube.com/watch?v=Y-P0Hs0ADJY,TRUE,TRUE,FALSE,FALSE,FALSE,TRUE,FALSE,21000,1600,92.92%,KID TRICKS MAN WITH TIME MACHINE FUELED BY DORITOS,,,,
128,2008,Bud Light,https://superbowl-ads.com/2008-bud-light-wine-cheese-party/,https://www.youtube.com/watch?v=aEWtTVaIH0M,TRUE,FALSE,FALSE,FALSE,FALSE,FALSE,FALSE,417,59,87.61%,PARTY IS FUELED BY PEOPLE WHO SNUCK IN BUDLIGHT WITH CHEESE AND CRACKERS,,,,
129,2012,Pepsi,https://superbowl-ads.com/2012-pepsi-kings-court/,https://www.youtube.com/watch?v=3rZs8ZKTsp0,FALSE,TRUE,FALSE,TRUE,FALSE,FALSE,FALSE,1500,139,91.52%,BUD LIGHT-ROBOBASH,,,,
130,2012,Doritos,https://superbowl-ads.com/2012-doritos-mans-best-friend/,https://www.youtube.com/watch?v=kMmd0WaQFGE,TRUE,FALSE,FALSE,FALSE,TRUE,TRUE,FALSE,254,21,92.36%,SING OFF FOR CAN OF PEPSI,,,,
131,2012,Toyota,https://superbowl-ads.com/2012-toyota-camry-its-reinvented/,https://www.youtube.com/watch?v=oYdJKey7VpU,TRUE,TRUE,FALSE,FALSE,TRUE,TRUE,TRUE,1200,16,98.68%,DOG BECOMES MANS BEST FRIEND BY GIVING HIM A BAG OF DORITOS ,,,,
132,2016,Doritos,https://superbowl-ads.com/doritos-2016-super-bowl-50-ad-ultrasound/,https://www.youtube.com/watch?v=Qh_gOK6xDNA,TRUE,TRUE,FALSE,FALSE,FALSE,FALSE,FALSE,10000,314,96.96%,TOYOTA ENGINEERS SPENT TIME REINVENTING OTHER THINGS,,,,
133,2002,Bud Light,https://superbowl-ads.com/2002-bud-light-falcon/,https://www.youtube.com/watch?v=ZBD4dYTpYAU,TRUE,TRUE,FALSE,FALSE,TRUE,TRUE,TRUE,21,2,91.30%,HUSBAND EATING DORITOS DURING ULTRA SOUND,,,,
134,2002,Bud Light,https://superbowl-ads.com/2002-bud-light-robobash/,https://www.youtube.com/watch?v=oJvsWvaTr4w,TRUE,FALSE,FALSE,FALSE,TRUE,FALSE,FALSE,215,6,97.29%,BABY INFORMS VIEWERS THAT THEY COULD LOSE  THOUSANDS OF DOLLARS,,,,
135,2013,E-Trade,https://superbowl-ads.com/video-etrade-baby-2013-super-bowl-xlvii-commercial-save-it/,https://www.youtube.com/watch?v=F0nhq4GO90s,TRUE,TRUE,FALSE,FALSE,FALSE,TRUE,FALSE,1,0,100.00%,CHRISTMAS BEAR DRINKING COCA COLA,,,,
136,2008,Bud Light,https://superbowl-ads.com/2008-bud-light-breathe-fire/,https://www.youtube.com/watch?v=AhqPl1IKVo4,TRUE,TRUE,FALSE,FALSE,TRUE,TRUE,FALSE,27,4,87.10%,YOUNG JIMMY HENDRCKS DRIKINING PEPSI FOR THE FIRST TIME,,,,
137,2012,Coca-Cola,https://superbowl-ads.com/2012-coca-cola-arghh-ny-bear/,https://www.youtube.com/watch?v=jhvAXT9R_3U,FALSE,TRUE,FALSE,FALSE,FALSE,TRUE,FALSE,123,5,96.09%,DOG TRICKS A MAN TO WARE SHOCK COLLAR AND TAKES HIS DORITOS,,,,
138,2004,Pepsi,https://superbowl-ads.com/2004-pepsi-jimi-hendrix/,https://www.youtube.com/watch?v=NOOmu1Rz17Y,TRUE,TRUE,FALSE,FALSE,FALSE,FALSE,FALSE,337,12,96.56%,MAN HAVING A DREAMING HE IS DRIVING A KIA OPTIMA HIS DREAM CAR,,M HE IS DRIVING HIS DREAM KAR AN KIA OPTIMA,,
139,2010,Doritos,https://superbowl-ads.com/hd-exclusive-dog-shock-collar-doritos-commercial-super-bowl-44-2010-super-bowl-xliv/,https://www.youtube.com/watch?v=UBaZDWIs3fs,TRUE,TRUE,FALSE,FALSE,TRUE,TRUE,FALSE,284,19,93.73%,TIMELINE OF THE BEGINNING OF FOOTBALL,,,,
140,2012,Kia,https://superbowl-ads.com/2012-kia-optima-drive-the-dream-extended-version/,https://www.youtube.com/watch?v=9RI6OGXq11Y,TRUE,FALSE,FALSE,TRUE,FALSE,FALSE,TRUE,616,14,97.78%,,,,,
141,2012,NFL,https://superbowl-ads.com/2012-nfl-timeline/,https://www.youtube.com/watch?v=CPr4-P19NtE,FALSE,TRUE,FALSE,TRUE,FALSE,FALSE,FALSE,2100,44,97.95%,HYUNDI CAR BEING MORE RELIABLE THAN A TENTY YEAR FOOTBALL CARRER,,,,
142,2005,Bud Light,https://superbowl-ads.com/2005-bud-light-sharon/,,TRUE,TRUE,FALSE,FALSE,FALSE,FALSE,TRUE,NaN,NaN,NaN,PLAYING PAINTBALL AND RECEIVING BUD LIGHT AS WINNER,,,,
143,2010,Hynudai,https://superbowl-ads.com/hd-exclusive-2010-super-bowl-xliv-commercial-with-brett-favre-hyundai-commercial/,https://www.youtube.com/watch?v=KqAWv2wCW8I,FALSE,FALSE,FALSE,TRUE,FALSE,FALSE,FALSE,308,12,96.25%,DRINKINKING BUD LIGHT GIVES YOU THE ABILITY TO FLY,,,,
144,2004,Bud Light,https://superbowl-ads.com/2004-bud-light-paintball/,https://www.youtube.com/watch?v=qbS0gF3YdBg,TRUE,TRUE,FALSE,FALSE,TRUE,FALSE,FALSE,10,0,100.00%,YOUNG PEOPLE REALISING THER STREANGHTS AND ACCOMPLISHING THERE DREAMS,,,,
145,2008,Bud Light,https://superbowl-ads.com/2008-bud-light-x-ray-vision/,https://www.youtube.com/watch?v=cOEMI8HRhlA,TRUE,TRUE,FALSE,FALSE,FALSE,FALSE,TRUE,170,11,93.92%,MAN INSTALLS A MAGIC FRIDGE TO HIDE HIS BUD LIGHT,,,,
146,2016,Toyota,https://superbowl-ads.com/pokemon-2016-super-bowl-50-ad-20-years-2/,https://www.youtube.com/watch?v=KLkQ9c9-QFI,TRUE,FALSE,FALSE,FALSE,TRUE,FALSE,FALSE,NaN,NaN,NaN,SHOWING HOW COCA COLA IS MADE IN A HAPPY FACTORY,,,,
147,2006,Bud Light,https://superbowl-ads.com/2006-bud-light-magic-fridge/,https://www.youtube.com/watch?v=67dRRrRz2t8,TRUE,TRUE,FALSE,FALSE,FALSE,FALSE,FALSE,436,17,96.25%,DOG BECOMES A BUDWISER DOG AFTER GETTING SPASHED WITH MUD,,,,
148,2007,Coca-Cola,https://superbowl-ads.com/2007-coca-cola-happiness-factory/,https://www.youtube.com/watch?v=NwZpO6saPxI,FALSE,TRUE,FALSE,FALSE,FALSE,TRUE,FALSE,30,4,88.24%,A FATHER AND HIS FRIENDS PLAYS DRESS UP WITH HIS DAUTHER FOR A BAG OF DORITOS,,,,
149,2007,Budweiser,https://superbowl-ads.com/2007-budweiser-dalmatian/,https://www.youtube.com/watch?v=esOPYOeotTU,FALSE,FALSE,FALSE,FALSE,TRUE,TRUE,FALSE,58,3,95.08%,MAN AND HIS FRIENDS RECEIVE BUD LIGHT FOR A PARTY AND STARTS TO SING IN AUTO TUNE WITH T PAIN,,,,
150,2013,Doritos,https://superbowl-ads.com/video-doritos-2013-super-bowl-xlvii-ad-fashionista-daddy/,https://www.youtube.com/watch?v=w_2k5LMeduc,TRUE,TRUE,FALSE,FALSE,FALSE,FALSE,FALSE,2700,369,87.98%,DORITOS SHOWES THE POWER OF THE CRUNCH,,,,
151,2010,Bud Light,https://superbowl-ads.com/hd-exclusive-bud-light-auto-tune-t-pain-2010-superbowl-44-xliv-commercial-ad/,https://www.youtube.com/watch?v=bDhjcP02GQg,TRUE,TRUE,FALSE,TRUE,FALSE,FALSE,FALSE,123,7,94.62%,MEANEST MAN IN THE NFL TURNS NICE AFTER RECEIVING A COKE ZERO FROM A FAN,,,,
152,2009,Doritos,https://superbowl-ads.com/2009-doritos-power-of-the-crunch/,https://www.youtube.com/watch?v=7DZao4kN73M,TRUE,TRUE,FALSE,FALSE,TRUE,TRUE,TRUE,1900,223,89.50%,PEPSI FOR EVER YOUNG ATHEM COMMERICIAL,,,,
153,2009,Coca-Cola,https://superbowl-ads.com/2009-coke-zero-mean-troy/,https://www.youtube.com/watch?v=XKFUcEkIbEg,TRUE,TRUE,FALSE,TRUE,TRUE,FALSE,FALSE,102,8,92.73%,E*TRADE GHOST TOWN ,,,,
154,2009,Pepsi,https://superbowl-ads.com/2009-pepsi-anthem/,https://www.youtube.com/watch?v=WIzKwJmYLNs,FALSE,FALSE,TRUE,TRUE,TRUE,FALSE,FALSE,11,0,100.00%,A KING INSPIRES HIS LOYAL SUBJECTS IN A TIME OF GREAT DISTRESS,,,,
155,2001,E-Trade,https://superbowl-ads.com/2001-etrade-dot-com-ghost-town/,https://www.youtube.com/watch?v=ONZFkqzuMjI,FALSE,FALSE,FALSE,FALSE,TRUE,TRUE,FALSE,240,9,96.39%,DORITO DRIVER GETS HIGH JACKED BY DORITOS PIRATES,,,,
156,2018,Bud Light,https://superbowl-ads.com/bud-light-ye-olde-pep-talk/,https://www.youtube.com/watch?v=xza7T89Lda4,TRUE,TRUE,FALSE,FALSE,TRUE,TRUE,FALSE,NaN,NaN,NaN,KIA SHOWING THE DIFFERENT QUALITIES OF THE SORENTO,,,,
157,2015,Doritos,https://superbowl-ads.com/2015-doritos-cheesy-pirates/,,TRUE,FALSE,FALSE,FALSE,TRUE,FALSE,TRUE,NaN,NaN,NaN,MAN SETTING A MOUSE TRAP WITH A BAG OF DORIT,,,,OF DORITOS
158,2010,Kia,https://superbowl-ads.com/hd-exclusive-kias-big-game-commercial-2010-super-bowl-44-xliv-ad/,https://www.youtube.com/watch?v=7q2yVq6fDEg,TRUE,TRUE,FALSE,FALSE,FALSE,TRUE,TRUE,104,6,94.55%,COCA COLA POLAR BEARS BELIVING IN SUPERSTION,,,,
159,2008,Doritos,https://superbowl-ads.com/2008-doritos-mouse-trap/,https://www.youtube.com/watch?v=h8qgk5tXuUA,TRUE,TRUE,FALSE,FALSE,TRUE,FALSE,FALSE,1200,38,96.93%,HYUNDI DEPROGRAMMING,,,,
160,2012,Coca-Cola,https://superbowl-ads.com/2012-coca-cola-superstition/,https://www.youtube.com/watch?v=x1nttVdja9s,FALSE,TRUE,FALSE,FALSE,FALSE,TRUE,FALSE,78,19,80.41%,POLITICAL PARTIES DEBATE,,IAGREE ANTIL THEY HAVE A COKE COLA,,
161,2011,Hynudai,https://superbowl-ads.com/2011-hyundai-super-bowl-commercial-deprogramming-video/,https://www.youtube.com/watch?v=32d5c_IW2Xc,FALSE,FALSE,FALSE,FALSE,FALSE,TRUE,FALSE,1,0,100.00%,MAN TRYING TO HOLD AN ELIVATOR DOOR OPEN WITH SIX PACK OF BUD LIGHT,,,,
162,2008,Coca-Cola,https://superbowl-ads.com/2008-coca-cola-political-parties/,https://www.youtube.com/watch?v=2_LWZe2BGaE,TRUE,TRUE,TRUE,TRUE,FALSE,FALSE,FALSE,39,3,92.86%,KIA GIVE IT EVERTHING MOTIVATION ,,,,
163,2000,Bud Light,https://superbowl-ads.com/2000-bud-light-she-has-a-cat/,,TRUE,FALSE,FALSE,FALSE,TRUE,TRUE,TRUE,NaN,NaN,NaN,MAN SLIDES OF BED AND OUT OF WINDOW TRYING TO GET A BUD LIGHT,,,,
164,2019,Kia,https://superbowl-ads.com/2020-kia-telluride-give-it-everything/,https://www.youtube.com/watch?v=sS8dkRhDirY,FALSE,FALSE,TRUE,FALSE,FALSE,TRUE,FALSE,NaN,NaN,NaN,CHILD ASKING FATHER WHERE DO BABIES COME FROM,,,,
165,2002,Bud Light,https://superbowl-ads.com/2002-bud-light-satin-sheets/,https://www.youtube.com/watch?v=-LwSb4cCAnw,TRUE,FALSE,FALSE,FALSE,TRUE,FALSE,TRUE,366,18,95.31%,LAST SIP OF PEPSI WITH JUSTIN TIBERLAKE,,,,
166,2013,Kia,https://superbowl-ads.com/video-2013-kia-super-bowl-xlvii-commercial-space-babies/,https://www.youtube.com/watch?v=k5vbGQb7jR0,TRUE,FALSE,FALSE,FALSE,FALSE,TRUE,TRUE,49,4,92.45%,BUD LIGHT SPECIAL DELIVERY OF CORN SURUP TO COPMETITOR,,,,
167,2008,Pepsi,https://superbowl-ads.com/2008-pepsi-every-sip-with-justin-timberlake/,https://www.youtube.com/watch?v=AKKM8sP24BE,TRUE,FALSE,FALSE,TRUE,TRUE,FALSE,TRUE,634,16,97.54%,HYUNDI EVOLUTION IN THER CARS,,,,
168,2019,Bud Light,https://superbowl-ads.com/2019-bud-light-special-delivery/,https://www.youtube.com/watch?v=eIlX0Gg0GRI,TRUE,TRUE,FALSE,FALSE,TRUE,FALSE,FALSE,NaN,NaN,NaN,BUD LIGHT BEING THE LANUAGE OF LOVE,,,,
169,2011,Hynudai,https://superbowl-ads.com/2011-hyundai-super-bowl-commercial-anachronistic-city-video/,https://www.youtube.com/watch?v=-BVMOKtawUk,FALSE,FALSE,FALSE,FALSE,FALSE,FALSE,FALSE,NaN,NaN,NaN,MAN BLOWS FIRE AFTER DRINKING BUD LIGHT AND SETS A HOUSE ON FIRE,,,,
170,2008,Bud Light,https://superbowl-ads.com/2008-bud-light-language-of-love/,https://www.youtube.com/watch?v=Ao0x4zsb724,TRUE,TRUE,TRUE,TRUE,FALSE,FALSE,TRUE,598,181,76.77%,BABYS CRYING AFTER THEY REALIZE THEY SHOILD HAVE CHOSEN E*TRADE,,,,
171,2008,Bud Light,https://superbowl-ads.com/2008-bud-light-jackie-moon-will-ferrell/,https://www.youtube.com/watch?v=ecqiZn2DDFQ,TRUE,TRUE,FALSE,TRUE,FALSE,FALSE,TRUE,1300,123,91.36%,BUDWISER INTRIDUCING A NEW LAGER THE BLACK CCROWN,,,,
172,2010,E-Trade,https://superbowl-ads.com/hd-exclusive-e-trade-baby-girlfriend-2010-superbowl-44-xliv-commercial-ad/,https://www.youtube.com/watch?v=tbLTl7egwlU,TRUE,TRUE,FALSE,FALSE,FALSE,FALSE,TRUE,1200,59,95.31%,DRINKING  PEPSI ON A ROLLER COASTER AND NOT SPILLING,,,,
173,2013,Budweiser,https://superbowl-ads.com/video-budweiser-black-crown-2013-super-bowl-xlvii-ad-celebration/,https://www.youtube.com/watch?v=2WNvlXoDs7w,FALSE,TRUE,FALSE,FALSE,FALSE,FALSE,TRUE,1,0,100.00%,WOMAN DANCING TO A NEW FLAVOR OF COKE THE TWISTED MANGO,,,,
174,2001,Pepsi,https://superbowl-ads.com/2001-pepsi-roller-coaster/,https://www.youtube.com/watch?v=MwfL-DkL1Vg,TRUE,TRUE,FALSE,FALSE,FALSE,FALSE,TRUE,111,5,95.69%,WOMAN GETS HIT WITH CAN OF PEPSI IN A LOVE HURTS EPISODE,,,,
175,2018,Coca-Cola,https://superbowl-ads.com/diet-coke-twisted-mango-groove/,https://www.youtube.com/watch?v=nkGd47iB-wU,FALSE,TRUE,FALSE,FALSE,FALSE,FALSE,TRUE,5,2,71.43%,GETTING OLD E*TRADE,,,,
176,2003,Bud Light,https://superbowl-ads.com/2003-bud-light-upside-down-clown/,https://www.youtube.com/watch?v=DTvxyDwP2CA,TRUE,TRUE,FALSE,FALSE,FALSE,FALSE,FALSE,244,11,95.69%,BUDWISER NEVER BACKING DOWN TO THE COMPETITION,,,,
177,2011,Pepsi,https://superbowl-ads.com/2011-pepsi-max-love-hurts/,https://www.youtube.com/watch?v=r4eyQBvcBUA,TRUE,TRUE,FALSE,FALSE,TRUE,FALSE,TRUE,679,196,77.60%,BALLOONS FIGHTING OVER COCA COLA,,,,
178,2018,E-Trade,https://superbowl-ads.com/etrade-commercial-this-is-getting-old/,https://www.youtube.com/watch?v=Qx5-AZlfjp4,TRUE,FALSE,TRUE,FALSE,FALSE,FALSE,TRUE,188,12,94.00%,ROBOTS FALL IN LOVE WITH THE 2013 KIA FORTE,,,,
179,2016,Budweiser,https://superbowl-ads.com/budweiser-2016-super-bowl-50-ad-not-backing/,https://www.youtube.com/watch?v=to4dhysGYD0,FALSE,TRUE,TRUE,FALSE,FALSE,TRUE,FALSE,NaN,NaN,NaN,COCA COLA BLESS AMERICA ANTHEM,,,,
180,2008,Coca-Cola,https://superbowl-ads.com/2008-coca-cola-its-mine/,https://www.youtube.com/watch?v=-ACk9mRky5k,TRUE,TRUE,FALSE,TRUE,TRUE,TRUE,FALSE,288,9,96.97%,RETURN OF THE KING BUDWISER PROHIBITION IS OVER,,,,
181,2013,Kia,https://superbowl-ads.com/video-kia-forte-2013-super-bowl-xlvii-commercial-hot-bots/,https://www.youtube.com/watch?v=yhPBzlB6VJI,TRUE,TRUE,FALSE,FALSE,TRUE,FALSE,TRUE,227,19,92.28%,DOG IS TRAINED TO FECTH A BUD LIGHT,,,,
182,2014,Coca-Cola,https://superbowl-ads.com/2014-coca-cola-its-beautiful/,https://www.youtube.com/watch?v=D4BC8zUfNhU,FALSE,TRUE,TRUE,FALSE,FALSE,TRUE,FALSE,454,91,83.30%,CALOS MENCIA TEACHING THE CORRECT WAY TO ORDER A BUD LIGHT,,,,
183,2012,Budweiser,https://superbowl-ads.com/2012-budweiser-return-of-the-king/,https://www.youtube.com/watch?v=TieDNumMwOc,FALSE,TRUE,TRUE,FALSE,FALSE,TRUE,FALSE,NaN,NaN,NaN,JAY Z PLAYING A GAME OF HOLIGRAM FOOTBALL WITH COACH SHULA,,,,
184,2004,Bud Light,https://superbowl-ads.com/2004-bud-light-fergus/,https://www.youtube.com/watch?v=j7QA9oHpduk,TRUE,TRUE,FALSE,FALSE,TRUE,TRUE,FALSE,46,3,93.88%,THE GREAT UNKNOWNS AND WHAT IFS,,,,
185,2007,Bud Light,https://superbowl-ads.com/2007-bud-light-class-with-carlos-mencia/,https://www.youtube.com/watch?v=670X2MCWzK0,TRUE,TRUE,FALSE,TRUE,FALSE,FALSE,FALSE,1300,135,90.59%,MOTHER INLAW DISCUSSING HER DAUTERS TUSHY,,,,
186,2007,Budweiser,https://superbowl-ads.com/2007-budweiser-don-shula-vs-jayz/,https://www.youtube.com/watch?v=YnGpb8lbPOI,FALSE,FALSE,FALSE,TRUE,FALSE,FALSE,FALSE,NaN,NaN,NaN,,,,,
187,2019,Kia,https://superbowl-ads.com/2019-kia-the-great-unknowns-what-if/,https://www.youtube.com/watch?v=nONhop0Kq-E,FALSE,FALSE,TRUE,FALSE,FALSE,FALSE,FALSE,2,2,50.00%,BABY SITTING IN FIRST CLASS,,,,
188,2002,Budweiser,https://superbowl-ads.com/2002-budweiser-tushy/,,TRUE,TRUE,FALSE,FALSE,FALSE,FALSE,TRUE,NaN,NaN,NaN,MAN MEETS HIS MOTHRER IN LAW FOR THE FIRST,,,,
189,2010,E-Trade,https://superbowl-ads.com/hd-exclusive-e-trade-baby-first-class-2010-super-bowl-44-xliv-commercial-ad/,https://www.youtube.com/watch?v=tVrE5-eiSNA,TRUE,FALSE,FALSE,FALSE,FALSE,FALSE,FALSE,35,3,92.11%,TOYOTA UNITY WE ALL ONE TEAM,,,,
190,2003,Bud Light,https://superbowl-ads.com/2003-bud-light-mother-in-law/,https://www.youtube.com/watch?v=RuIXFuwLb2s,TRUE,TRUE,FALSE,FALSE,FALSE,FALSE,FALSE,340,18,94.97%,HORSES PLAYING FOOTBALL AND THEY NEED INDTANT REPLAY,,,,
191,2018,Toyota,https://superbowl-ads.com/toyota-2018-big-game-ad-one-team/,https://www.youtube.com/watch?v=QwF3ipuNyfc,TRUE,TRUE,TRUE,FALSE,FALSE,FALSE,FALSE,NaN,NaN,NaN,"CLYDESDALES HORES AND INTODUCING THE NEWEST FOAL, WHO IS ONLY 7 DAYES OLD",,,,
192,2003,Budweiser,https://superbowl-ads.com/2003-budweiser-instant-replay/,https://www.youtube.com/watch?v=hM79LTkT7ek,TRUE,TRUE,FALSE,FALSE,FALSE,TRUE,FALSE,14,2,87.50%,PEOPLE MAKE BRIDGE FOR BUDWISER TRUCK THAT IS STRANDED,,,,
193,2013,Budweiser,https://superbowl-ads.com/video-budweiser-2013-super-bowl-xlvii-ad-the-clydesdales-brotherhood/,https://www.youtube.com/watch?v=eJucRz8kYo0,FALSE,TRUE,FALSE,FALSE,FALSE,TRUE,FALSE,3700,125,96.73%,MAN WALKS IN BAR WITH DOG AS HIS HAIR BECOUSE THE SIGN SAID NO PETS ALLOWED,,,,
194,2010,Budweiser,https://superbowl-ads.com/hd-exclusive-budweiser-body-bridge-2010-super-bowl-44-xliv-commercial-ad/,https://www.youtube.com/watch?v=IQHlA9qKJv4,TRUE,TRUE,TRUE,FALSE,FALSE,TRUE,FALSE,1,0,100.00%,MONKEY MUSICAL FOR E*TRADE,,,,
195,2003,Bud Light,https://superbowl-ads.com/2003-bud-light-no-pets-allowed/,https://www.youtube.com/watch?v=BKexURCYxtk,TRUE,TRUE,FALSE,FALSE,FALSE,TRUE,FALSE,76,4,95.00%,HUSBAND REPAIRING THE ROOF WHILE DRINKING BUD LIGHT,,,,
196,2002,E-Trade,https://superbowl-ads.com/2002-etrade-monkey-musical/,https://www.youtube.com/watch?v=SK1i1iyE7RA,TRUE,TRUE,FALSE,FALSE,FALSE,TRUE,TRUE,14,0,100.00%,COCA COLA BEAR CATHES BOTTLE THAT WAS TOSSED TO HIM,,,,
197,2006,Budweiser,https://superbowl-ads.com/2006-budweiser-on-the-roof/,https://www.youtube.com/watch?v=q05QIp5qbnY,TRUE,TRUE,FALSE,FALSE,TRUE,FALSE,FALSE,168,16,91.30%,TROJAN HORSE DECOY,,,,
198,2012,Coca-Cola,https://superbowl-ads.com/2012-coca-cola-catch-ne-bear/,https://www.youtube.com/watch?v=S2nBBMbjS8w,FALSE,TRUE,FALSE,FALSE,TRUE,TRUE,FALSE,107000,47000,69.48%,TOYOTA TUDRA PULLING WEIGHT ON ASEE SAW,,,,
199,2019,Bud Light,https://superbowl-ads.com/2019-bud-light-trojan-horse-occupants/,https://www.youtube.com/watch?v=nScg3KmA_6k,TRUE,TRUE,FALSE,FALSE,FALSE,FALSE,FALSE,3,0,100.00%,DADS SIXTH SENSE AND ,,,,
200,2007,Toyota,https://superbowl-ads.com/2007-toyota-tundra-see-saw/,https://www.youtube.com/watch?v=D81uh6I-2Q4,FALSE,TRUE,FALSE,FALSE,FALSE,FALSE,FALSE,222,63,77.89%,COCA COLA IS PEPSI STUNT DOUBLE IN A MOVIE WITH JACKIE CHAN,,,,
201,2014,Hynudai,https://superbowl-ads.com/2014-hyundai-genesis-dads-sixth-sense/,https://www.youtube.com/watch?v=CyK63f0I1P0,TRUE,FALSE,FALSE,FALSE,TRUE,FALSE,TRUE,244,8,96.83%,DIET PEPSI MAKING AN ALBUM WITH P. DIDDY,,,,
202,2006,Pepsi,https://superbowl-ads.com/2006-diet-pepsi-jackie-chan/,https://www.youtube.com/watch?v=sx0i7WgBOvs,TRUE,TRUE,FALSE,TRUE,TRUE,FALSE,FALSE,80,8,90.91%,HALFTIME TOUCHES DOWN,,,,
203,2006,Pepsi,https://superbowl-ads.com/2006-diet-pepsi-brown-and-bubbly/,https://www.youtube.com/watch?v=d8f-PiELHls,TRUE,TRUE,FALSE,TRUE,FALSE,FALSE,TRUE,51,0,100.00%,BUD LIGHT FACTORY MAKING BUD LIGHT PLATINUM,,,,
204,2015,Pepsi,https://superbowl-ads.com/pepsi-2015-super-bowl-xlix-ad-halftime-touches-down/,https://www.youtube.com/watch?v=IUU_ygKs3jA,FALSE,TRUE,FALSE,FALSE,FALSE,TRUE,FALSE,3,0,100.00%,EMPLOYEES USE CRYSTAL BALL ,,,TO GET DORITOS,
205,2012,Bud Light,https://superbowl-ads.com/2012-bud-light-platinum-factory/,https://www.youtube.com/watch?v=3LPLXuHlOCI,FALSE,TRUE,FALSE,FALSE,FALSE,FALSE,FALSE,64,8,88.89%,BALD SHEEP STREAKS ACROSS FIELD WHERE HORSES ARE PLAYING FOOTBALL,,,,
206,2009,Doritos,https://superbowl-ads.com/2009-doritos-crystal-ball/,https://www.youtube.com/watch?v=Fdz0Q0GiEcc,TRUE,TRUE,FALSE,FALSE,TRUE,FALSE,FALSE,87,11,88.78%,BUD LIGHT ITRODUCING THE NEW COOLTWIST BOTTLE,,,,
207,2006,Budweiser,https://superbowl-ads.com/2006-budweiser-streaker/,https://www.youtube.com/watch?v=Zb3fhsfs6ZU,TRUE,FALSE,FALSE,FALSE,FALSE,TRUE,TRUE,2400,86,96.54%,P .DIDDY HICTHES RIDE WITH DIET PEPSI DELIVERY DIRVER,,,,
208,2014,Bud Light,https://superbowl-ads.com/2014-bud-light-cool-twist/,https://www.youtube.com/watch?v=_l1nWWiut0I,FALSE,TRUE,FALSE,FALSE,FALSE,FALSE,FALSE,37,3,92.50%,CEDRIC STRANDED ON A ISLAND WITH THREE WISHES,,,,
209,2005,Pepsi,https://superbowl-ads.com/2005-diet-pepsi-pdiddy/,https://www.youtube.com/watch?v=eXfNnSOOoVc,TRUE,TRUE,FALSE,TRUE,FALSE,FALSE,TRUE,99,6,94.29%,APES  MAKE A PLAN TO TAKE SOME BUD LIGHT,,,,
210,2005,Bud Light,https://superbowl-ads.com/2005-bud-light-cedric-stranded/,https://www.youtube.com/watch?v=Q5Hu_FBUIsk,TRUE,TRUE,FALSE,TRUE,FALSE,TRUE,TRUE,9,0,100.00%,P. DIIDY GETS DROPPED OFF AT THE RED CARPET BY PEPSI DELIVERY TRUCK,,,,
211,2007,Bud Light,https://superbowl-ads.com/2007-bud-light-apes-plan/,https://www.youtube.com/watch?v=osn2rzClKh0,TRUE,TRUE,FALSE,FALSE,FALSE,TRUE,FALSE,NaN,NaN,NaN,LOST DOG FIDNS HIS WAY BACK HOME WITH THE HELP OF THE BUDWISER HORSES,,,,
212,2005,Pepsi,https://superbowl-ads.com/2005-diet-pepsi-hot-guy/,https://www.youtube.com/watch?v=bHY2miRSwh4,TRUE,FALSE,FALSE,TRUE,FALSE,FALSE,TRUE,3,0,100.00%,BUD LIGHT PLAYS THE GAME OF THRONES,,,,
213,2015,Budweiser,https://superbowl-ads.com/2015-budweiser-lost-dog/,https://www.youtube.com/watch?v=otCxSnu_HXA,FALSE,TRUE,TRUE,FALSE,TRUE,TRUE,FALSE,2400,42,98.28%,CEDRIC GETD WAXED INSTEAD OF  MASSAGE,,,,
214,2019,Bud Light,https://superbowl-ads.com/2019-bud-light-game-of-thrones-joust/,https://www.youtube.com/watch?v=8fhOItB0zUM,TRUE,TRUE,FALSE,FALSE,TRUE,TRUE,FALSE,94000,13000,87.85%,WOMAN TELLS MAN ITS OK TO DATE HER AND HER ROOMATE WHILE DRINKING A BUD LIHGHT,,,,
215,2004,Bud Light,https://superbowl-ads.com/2004-bud-light-cedric-gets-massage/,https://www.youtube.com/watch?v=gWqR28uRxXw,TRUE,TRUE,FALSE,TRUE,FALSE,FALSE,TRUE,47,2,95.92%,BABY TALKING ABOUT E*TRADE,,,,
216,2003,Budweiser,https://superbowl-ads.com/2003-budweiser-roommate/,https://www.youtube.com/watch?v=R67qcUIbFhs,TRUE,FALSE,FALSE,FALSE,FALSE,FALSE,TRUE,10,0,100.00%,PARENTS COME HOME TO FIND THEIR HOUSE FILLED WITH FOAM AND HUNDREDS PEOPLE,,,,
217,2009,E-Trade,https://superbowl-ads.com/2009-etrade-talking-baby/,https://www.youtube.com/watch?v=PlqWRADszb0,TRUE,TRUE,FALSE,FALSE,FALSE,FALSE,FALSE,935,28,97.09%,DONKEY LIVES ITS DREAM BEING A CLYDESDALE,,,,
218,2013,Pepsi,https://superbowl-ads.com/video-2013-pepsi-next-super-bowl-xlvii-commercial-party/,https://www.youtube.com/watch?v=WAySopBmbtI,TRUE,FALSE,FALSE,FALSE,FALSE,FALSE,TRUE,2,0,100.00%,HYUNDAI ASSURANCE POLICY,,,,
219,2004,Budweiser,https://superbowl-ads.com/2004-budweiser-lipstick/,https://www.youtube.com/watch?v=zM4rU4jit5k,TRUE,FALSE,FALSE,TRUE,FALSE,TRUE,TRUE,514,9,98.28%,PUPPY KEEPS RUNNING AWAY AND THEN ADOPTED,,,,
220,2009,Hynudai,https://superbowl-ads.com/2009-hyundai-assurance-contract/,https://www.youtube.com/watch?v=lzQ2NeqjYS0,FALSE,TRUE,FALSE,FALSE,FALSE,FALSE,FALSE,7,0,100.00%,PEPSI ADDING A TWIST ON THE BRAND WITH FLAVORS,,,,
221,2014,Budweiser,https://superbowl-ads.com/2014-budweiser-puppy-love/,https://www.youtube.com/watch?v=gUGGepL5gGU,FALSE,FALSE,TRUE,FALSE,FALSE,TRUE,FALSE,236,39,85.82%,DRINKING COCA COLA CAN GIVE YOU A HAPPIER OUTLOOK ON LIFE,,,,
222,2003,Pepsi,https://superbowl-ads.com/2003-pepsi-twist-osbornes/,https://www.youtube.com/watch?v=dnHEqQGl0yA,TRUE,TRUE,FALSE,TRUE,FALSE,FALSE,FALSE,NaN,NaN,NaN,CRAZY WITH DON CHEADLE WHAT IS CRAZY,,,,
223,2015,Coca-Cola,https://superbowl-ads.com/2015-coca-cola-make-it-happy/,https://www.youtube.com/watch?v=1AeG8tCzTGw,FALSE,FALSE,FALSE,FALSE,FALSE,FALSE,FALSE,486,24,95.29%,GRANDMA USES BABY TO GET DORITOS,,,,
224,2003,NFL,https://superbowl-ads.com/2003-nfl-crazy-with-don-cheadle/,https://www.youtube.com/watch?v=Bs0Iwwl-5Lk,FALSE,FALSE,FALSE,TRUE,FALSE,FALSE,FALSE,44,2,95.65%,PEPSI AND THE GENERATIONS ITS PLEASED,,,,
225,2012,Doritos,https://superbowl-ads.com/2012-doritos-sling-baby/,https://www.youtube.com/watch?v=6SWNLDdnz0A,TRUE,TRUE,FALSE,FALSE,FALSE,FALSE,FALSE,315000,100000,75.90%,CEDRIC GIVES ADVICE TO A FRIEND WHILE DRINKING BUD LIGHT,,,,
226,2002,Pepsi,https://superbowl-ads.com/2002-pepsi-generations-with-britney-spears/,https://www.youtube.com/watch?v=TG4giyL-4Sk,FALSE,TRUE,FALSE,TRUE,FALSE,FALSE,TRUE,8500,105,98.78%,FRIENDS CALLING EACH OTHER TO FIND OUT WHATS GOING ON,,,,
227,2002,Bud Light,https://superbowl-ads.com/2002-bud-light-cedric-advice/,https://www.youtube.com/watch?v=OfLLLnAngZI,TRUE,TRUE,FALSE,TRUE,TRUE,FALSE,TRUE,29,0,100.00%,CEDRIC  IS ON A DATE AND NEEDS TO FIND SOMETHING TO COOL HIS SELF DOWN,,,,
228,2000,Budweiser,https://superbowl-ads.com/2000-budweiser-whaasup/,https://www.youtube.com/watch?v=JJmqCKtJnxM,TRUE,TRUE,FALSE,FALSE,FALSE,FALSE,FALSE,38000,730,98.12%,HYUNDI ENTRODUCING THE 2013 GENIESIS,,,,
229,2001,Bud Light,https://superbowl-ads.com/2001-bud-light-cedric-the-entertainer/,https://www.youtube.com/watch?v=h-HHbtwX5vY,TRUE,FALSE,FALSE,TRUE,FALSE,FALSE,TRUE,3,0,100.00%,DAD CHOOSING TO MORE THAN A FATHER,,,,
230,2013,Hynudai,https://superbowl-ads.com/video-2013-hyundai-genesis-super-bowl-xlvii-commercial/,https://www.youtube.com/watch?v=mOatp4Xi7IU,FALSE,TRUE,FALSE,FALSE,FALSE,FALSE,FALSE,8,0,100.00%,DOG DREAMING OF HIS WORST DAY ,,,,
231,2015,Toyota,https://superbowl-ads.com/toyota-camry-2015-super-bowl-xlix-ad-my-bold-dad/,https://www.youtube.com/watch?v=9u4--TxE2gI,FALSE,TRUE,TRUE,FALSE,FALSE,FALSE,FALSE,314,8,97.52%,TENNIS PLAYERS PLAY OVER DORITOS,,FOR DORITOS,,
232,2000,Budweiser,https://superbowl-ads.com/2000-budweiser-rex/,https://www.youtube.com/watch?v=GgXsLHifz9k,TRUE,FALSE,FALSE,FALSE,TRUE,TRUE,FALSE,167,7,95.98%,DOGS DRESS UP LIKA A PERSON TO GET DORITOS,,,,
233,2001,Doritos,https://superbowl-ads.com/2001-doritos-ali-landry/,https://www.youtube.com/watch?v=xbrvsJZSxok,TRUE,TRUE,FALSE,TRUE,FALSE,FALSE,TRUE,15,0,100.00%,DRINKING BUD LIGHT GIVES YOU ABILITY TO FLY,,,,
234,2016,Doritos,https://superbowl-ads.com/doritos-2016-super-bowl-50-ad-doritos-dogs/,https://www.youtube.com/watch?v=MNRAdrB9TSs,TRUE,TRUE,FALSE,FALSE,FALSE,TRUE,FALSE,3900,182,95.54%,CHECK OUT GIRL COMPLIMENTS MAN ON HIS CHOICE OF DORITOS,,,,
235,2008,Bud Light,https://superbowl-ads.com/2008-bud-light-ability-to-fly/,https://www.youtube.com/watch?v=-axbiEJiRGw,TRUE,TRUE,FALSE,FALSE,FALSE,FALSE,FALSE,13,2,86.67%,PERFECT DAY TO PLAY FOOTBALL NFL TRIBUTE,,,,
236,2007,Doritos,https://superbowl-ads.com/2007-doritos-check-out-girl/,https://www.youtube.com/watch?v=nIcFZzdXSrU,TRUE,TRUE,FALSE,FALSE,FALSE,FALSE,TRUE,278,78,78.09%,PEPSI CAN REVITALIZE YOUR LIFE,,,,
237,2001,NFL,https://superbowl-ads.com/2001-nfl-perfect-day/,,FALSE,FALSE,FALSE,TRUE,FALSE,FALSE,FALSE,NaN,NaN,NaN,BEING ABLE TO WACTH THE NFL ON ALL YOUR DEVICES,,,,
238,2001,Pepsi,https://superbowl-ads.com/2001-pepsi-bob-dole/,https://www.youtube.com/watch?v=6h7wifUL8mk,TRUE,FALSE,TRUE,TRUE,FALSE,TRUE,TRUE,15,2,88.24%,BUDWISER CAN GIVE YOU ENTERNAL OPTIMSM,,,,
239,2014,NFL,https://superbowl-ads.com/nfl-now/,,FALSE,TRUE,FALSE,FALSE,FALSE,FALSE,FALSE,NaN,NaN,NaN,MAN VS MACHINE,,,,
240,2012,Budweiser,https://superbowl-ads.com/2012-budweiser-eternal-optimism/,https://www.youtube.com/watch?v=_GeiOdHsW_8,FALSE,TRUE,TRUE,FALSE,FALSE,TRUE,TRUE,598,101,85.55%,E*TRADE SECURITY GARD SAVES THE DAY,,,,FROM A BURGLAR
241,2001,Pepsi,https://superbowl-ads.com/2001-pepsi-kasparov-vs-pepsi-machine/,https://www.youtube.com/watch?v=pldGc0Cpf84,TRUE,FALSE,FALSE,TRUE,TRUE,FALSE,FALSE,21,0,100.00%,FATHER GETTING A COMPLEMENT ON RAISING HIS DAUTER,,,,
242,2001,E-Trade,https://superbowl-ads.com/2001-etrade-security-guard/,https://www.youtube.com/watch?v=39BL7iqe6pQ,TRUE,FALSE,FALSE,FALSE,TRUE,FALSE,FALSE,14,5,73.68%,,,,,
243,2001,Budweiser,https://superbowl-ads.com/2001-budweiser-nsync/,https://www.youtube.com/watch?v=H9YdunAo3Ug,FALSE,FALSE,FALSE,TRUE,FALSE,FALSE,FALSE,360,5,98.63%,,,,,
