index,year,brand,superbowl_ads_dot_com_url,youtube_url,Genre,funny,show_product_quickly,patriotic,celebrity,danger,animals,use_sex,likes,dislikes,ratio,theme,theme 2,xaltruistic/capitalistic
0,2018,Toyota,https://superbowl-ads.com/good-odds-toyota/,https://www.youtube.com/watch?v=zeBZvwYQ-hA,Automotive,FALSE,FALSE,FALSE,FALSE,FALSE,FALSE,FALSE,1400,43,97.02%,inspirational,paralympics,alrtruistic
1,2020,Bud Light,https://superbowl-ads.com/2020-bud-light-seltzer-inside-posts-brain/,https://www.youtube.com/watch?v=nbbp0VW7z8w,Beer,TRUE,TRUE,FALSE,TRUE,TRUE,FALSE,FALSE,1200,26,97.88%,shopping,,capitalistic
2,2006,Bud Light,https://superbowl-ads.com/2006-bud-light-bear-attack/,https://www.youtube.com/watch?v=yk0MQD5YgV8,Beer,TRUE,FALSE,FALSE,FALSE,TRUE,TRUE,FALSE,131,16,89.12%,comedic,,capitalistic
3,2018,Hynudai,https://superbowl-ads.com/hope-detector-nfl-super-bowl-lii-hyundai/,https://www.youtube.com/watch?v=lNPccrGk77A,Automotive,FALSE,TRUE,FALSE,FALSE,FALSE,FALSE,FALSE,2,0,100.00%,inspirational,,awareness
4,2003,Bud Light,https://superbowl-ads.com/2003-bud-light-hermit-crab/,https://www.youtube.com/watch?v=ovQYgnXHooY,Beer,TRUE,TRUE,FALSE,FALSE,TRUE,TRUE,TRUE,20,0,100.00%,comedic,,capitalistic
5,2020,Toyota,https://superbowl-ads.com/2020-toyota-go-places-with-cobie-smulders/,https://www.youtube.com/watch?v=f34Ji70u3nk,Automotive,TRUE,TRUE,FALSE,TRUE,TRUE,TRUE,FALSE,155,13,92.26%,informative,,capitalistic
6,2020,Coca-Cola,https://superbowl-ads.com/2020-coca-cola-energy-show-up/,https://www.youtube.com/watch?v=-gAZRN3SCBw,Soft Drink,TRUE,FALSE,FALSE,TRUE,FALSE,TRUE,FALSE,1400,387,78.34%,informative,partner-catcher,capitalistic
7,2020,Kia,https://superbowl-ads.com/2020-kia-tough-never-quits/,https://www.youtube.com/watch?v=lMs79UXam9A,Automotive,FALSE,FALSE,FALSE,TRUE,FALSE,FALSE,FALSE,NaN,NaN,NaN,inspirational,NFL,capitalistic
8,2020,Hynudai,https://superbowl-ads.com/2020-hyundai-smaht-pahk/,https://www.youtube.com/watch?v=WBvkmWDjsYc,Automotive,TRUE,TRUE,FALSE,TRUE,FALSE,TRUE,FALSE,4000,54,98.67%,comedic,informative,capitalistic
9,2020,Budweiser,https://superbowl-ads.com/2020-budweiser-typical-american/,https://www.youtube.com/watch?v=J0xugdotpp8,Beer,FALSE,TRUE,TRUE,TRUE,TRUE,FALSE,FALSE,21,2,91.30%,together,,capitalistic
10,2010,Hynudai,https://superbowl-ads.com/hd-2010-super-bowl-commercial-new-hyundai-super-bowl-44-xliv-ad-hyundai-body-pass-2011-sonata/,https://www.youtube.com/watch?v=dWQqIeAYfK8,Automotive,FALSE,TRUE,TRUE,FALSE,FALSE,FALSE,FALSE,52,15,77.61%,nostalgia,together,capitalistic
11,2010,Bud Light,https://superbowl-ads.com/hd-exclusive-bud-light-scientist-2010-superbowl-44-xliv-commercial-ad/,https://www.youtube.com/watch?v=agISXMN4tng,Beer,TRUE,FALSE,FALSE,FALSE,TRUE,FALSE,TRUE,10,0,100.00%,together,,capitalistic
12,2007,Budweiser,https://superbowl-ads.com/2007-budweiser-king-crab/,https://www.youtube.com/watch?v=7KHlMJE84eA,Beer,TRUE,TRUE,FALSE,FALSE,FALSE,TRUE,TRUE,139,25,84.76%,comedic,partner-catcher,capitalistic
13,2002,Budweiser,https://superbowl-ads.com/2002-budweiser-ground-zero-clydesdales-bow/,https://www.youtube.com/watch?v=1MZUvib98Rs,Beer,FALSE,TRUE,TRUE,FALSE,FALSE,TRUE,FALSE,1000,18,98.23%,animals,,capitalistic
14,2020,NFL,https://superbowl-ads.com/2020-nfl-next-100/,https://www.youtube.com/watch?v=lbkafMhmvMo,Football,FALSE,FALSE,TRUE,TRUE,FALSE,FALSE,FALSE,NaN,NaN,NaN,nostalgia,together,capitalistic
15,2017,NFL,https://superbowl-ads.com/2017-nfl-super-bowl-51-li-tv-commercial-super-bowl-baby-legends/,https://www.youtube.com/watch?v=9csH_Hy-7A4,Football,FALSE,TRUE,FALSE,FALSE,FALSE,FALSE,FALSE,NaN,NaN,NaN,nostalgia,together,capitalistic
16,2005,Bud Light,https://superbowl-ads.com/2005-bud-light-parrot/,https://www.youtube.com/watch?v=-gTWA5AsTP8,Beer,TRUE,TRUE,FALSE,FALSE,TRUE,TRUE,TRUE,30,0,100.00%,,partner-catcher,capitalistic
17,2009,Pepsi,https://superbowl-ads.com/2009-pepsi-max-im-good/,https://www.youtube.com/watch?v=qUZaSf7T7ig,Soft Drink,TRUE,FALSE,FALSE,FALSE,TRUE,FALSE,FALSE,391,13,96.78%,,partner-catcher,capitalistic
18,2004,Bud Light,https://superbowl-ads.com/2004-bud-light-frank/,https://www.youtube.com/watch?v=mjN3OY9Eefk,Beer,TRUE,TRUE,FALSE,FALSE,FALSE,TRUE,TRUE,125,2,98.43%,,partner-catcher,capitalistic
19,2020,Doritos,https://superbowl-ads.com/2020-doritos-the-cool-ranch-with-lil-nas-x-and-sam-elliott/,https://www.youtube.com/watch?v=6xVnq31Vk8Y,Chips,TRUE,TRUE,FALSE,TRUE,TRUE,TRUE,FALSE,12000,662,94.77%,,,capitalistic
20,2007,Bud Light,https://superbowl-ads.com/2007-bud-light-slap/,https://www.youtube.com/watch?v=aOfRpCp6Pgw,Beer,TRUE,TRUE,FALSE,FALSE,TRUE,FALSE,FALSE,109,38,74.15%,,,capitalistic
21,2020,Pepsi,https://superbowl-ads.com/2020-pepsi-zero-sugar-done-right/,https://www.youtube.com/watch?v=Ozb_fJB_z6o,Soft Drink,FALSE,TRUE,FALSE,TRUE,FALSE,FALSE,FALSE,164,40,80.39%,together,,capitalistic
22,2019,Hynudai,https://superbowl-ads.com/2019-hyundai-shopper-assurance-the-elevator-with-jason-bateman/,https://www.youtube.com/watch?v=6mfJ0EsqLWs,Automotive,TRUE,FALSE,TRUE,TRUE,FALSE,FALSE,FALSE,397,28,93.41%,informative,,capitalistic
23,2009,Budweiser,https://superbowl-ads.com/2009-budweiser-clydesdales-generations/,https://www.youtube.com/watch?v=ukpnHh4eEeQ,Beer,FALSE,TRUE,TRUE,FALSE,FALSE,TRUE,FALSE,544,16,97.14%,together,,capitalistic
24,2011,Kia,https://superbowl-ads.com/2011-kia-optima-one-epic-ride-super-bowl-xlv-commercial/,https://www.youtube.com/watch?v=8FMU5yPZgwM,Automotive,TRUE,TRUE,FALSE,FALSE,TRUE,FALSE,TRUE,212,8,96.36%,,,capitalistic
25,2019,Doritos,https://superbowl-ads.com/2019-doritos-now-its-hot-with-chance-the-rapper-and-backstreet-boys/,https://www.youtube.com/watch?v=NvIcPAxZ39o,Chips,FALSE,TRUE,FALSE,TRUE,FALSE,FALSE,FALSE,1300,28,97.89%,together,,capitalistic
26,2019,Pepsi,https://superbowl-ads.com/2019-pepsi-more-than-ok/,https://www.youtube.com/watch?v=64UH1_D95gQ,Soft Drink,TRUE,TRUE,FALSE,TRUE,FALSE,FALSE,TRUE,1300,76,94.48%,,,capitalistic
27,2013,Hynudai,https://superbowl-ads.com/video-2013-hyundai-sonata-turbo-super-bowl-xlvii-stuck/,https://www.youtube.com/watch?v=WTf0XGpINJI,Automotive,TRUE,TRUE,FALSE,FALSE,TRUE,TRUE,FALSE,22,0,100.00%,informative,,capitalistic
28,2019,NFL,https://superbowl-ads.com/2019-nfl-nfl100/,https://www.youtube.com/watch?v=sl8ooTIMk2w,Football,TRUE,TRUE,FALSE,TRUE,FALSE,FALSE,FALSE,761,17,97.81%,together,,capitalistic
29,2011,Coca-Cola,https://superbowl-ads.com/2011-coca-cola-border/,https://www.youtube.com/watch?v=Aw6-aXMBseo,Soft Drink,FALSE,FALSE,FALSE,FALSE,FALSE,FALSE,FALSE,282,9,96.91%,inspirational,together,capitalistic
30,2019,Pepsi,https://superbowl-ads.com/2019-pepsi-bubly-buble/,https://www.youtube.com/watch?v=I-_Uh-vZXgo,Soft Drink,TRUE,TRUE,FALSE,TRUE,FALSE,FALSE,FALSE,1800,28,98.47%,,,capitalistic
31,2016,Hynudai,https://superbowl-ads.com/hyundai-2016-super-bowl-50-ad-chase/,https://www.youtube.com/watch?v=r_kXSO9Cph0,Automotive,TRUE,FALSE,FALSE,FALSE,TRUE,TRUE,FALSE,44,4,91.67%,informative,,capitalistic
32,2010,Bud Light,https://superbowl-ads.com/hd-exclusive-stranded-budweiser-2010-super-bowl-44-xliv-commercial-ad/,https://www.youtube.com/watch?v=zE7wyUmsM0k,Beer,TRUE,FALSE,FALSE,FALSE,FALSE,FALSE,FALSE,127,5,96.21%,together,,capitalistic
33,2000,E-Trade,https://superbowl-ads.com/2000-etrade-monkey-dance/,https://www.youtube.com/watch?v=Muyq2kMDFoA,Trading,TRUE,TRUE,FALSE,FALSE,FALSE,TRUE,FALSE,183,3,98.39%,,,capitalistic
34,2001,Bud Light,https://superbowl-ads.com/2001-bud-light-otto/,https://www.youtube.com/watch?v=XJEYIR-Cai4,Beer,TRUE,TRUE,FALSE,FALSE,FALSE,TRUE,FALSE,11,0,100.00%,,,capitalistic
35,2018,Doritos,https://superbowl-ads.com/2018-doritos-blaze-vs-mtn-dew-ice/,https://www.youtube.com/watch?v=rZh_CbcVe7M,Chips,TRUE,TRUE,FALSE,TRUE,FALSE,FALSE,FALSE,727,12,98.38%,,,capitalistic
36,2001,Budweiser,https://superbowl-ads.com/2001-budweiser-what-are-you-doing/,https://www.youtube.com/watch?v=gtmJEt0w1k4,Beer,TRUE,TRUE,FALSE,FALSE,FALSE,FALSE,FALSE,242,5,97.98%,,,capitalistic
37,2018,Coca-Cola,https://superbowl-ads.com/life-is-short-have-a-diet-coke-because-i-can-diet-coke/,https://www.youtube.com/watch?v=be5DH6jQs38,Soft Drink,FALSE,TRUE,FALSE,TRUE,FALSE,FALSE,FALSE,2,0,100.00%,inspirational,,capitalistic
38,2013,Hynudai,https://superbowl-ads.com/video-hyundai-2013-super-bowl-xlvii-ad-epic-playdate/,https://www.youtube.com/watch?v=YyKVvAZSAug,Automotive,FALSE,FALSE,FALSE,FALSE,FALSE,TRUE,FALSE,7,0,100.00%,family,,capitalistic
39,2004,Pepsi,https://superbowl-ads.com/2004-pepsi-bears-find-food/,https://www.youtube.com/watch?v=GzWUUZRli6s,Soft Drink,TRUE,FALSE,FALSE,FALSE,FALSE,TRUE,FALSE,339,13,96.31%,,,capitalistic
40,2018,Kia,https://superbowl-ads.com/2018-kia-stinger-steven-tyler-big-game-ad-feel-something-again/,https://www.youtube.com/watch?v=9_dE6Z2HK8I,Automotive,FALSE,FALSE,FALSE,TRUE,FALSE,FALSE,FALSE,441,12,97.35%,nostalgia,,capitalistic
41,2018,Pepsi,https://superbowl-ads.com/2018_pepsi_this_is_the_pepsi/,https://www.youtube.com/watch?v=0gHYd67OumQ,Soft Drink,FALSE,TRUE,TRUE,TRUE,FALSE,FALSE,FALSE,3400,203,94.37%,nostalgia,together,capitalistic
42,2018,NFL,https://superbowl-ads.com/touchdown-celebrations-to-come-nfl-super-bowl-lii-commercial/,https://www.youtube.com/watch?v=KUoD-gPDahw,Football,TRUE,TRUE,FALSE,TRUE,FALSE,FALSE,FALSE,NaN,NaN,NaN,nostalgia,together,capitalistic
43,2010,E-Trade,https://superbowl-ads.com/hd-exclusive-e-trade-baby-tears-2010-superbowl-44-xliv-commercial-ad/,https://www.youtube.com/watch?v=LgiYL1Ry2I8,Trading,TRUE,TRUE,FALSE,FALSE,FALSE,FALSE,FALSE,23,0,100.00%,,,capitalistic
44,2017,NFL,https://superbowl-ads.com/2017-nfl-super-bowl-51-li-tv-commercial-inside-lines/,https://www.youtube.com/watch?v=pvKBdrx4quA,Football,FALSE,TRUE,TRUE,TRUE,FALSE,FALSE,FALSE,2200,328,87.03%,nostalgia,together,capitalistic
45,2000,E-Trade,https://superbowl-ads.com/2000-etrade-money-out-of-the-wazoo/,https://www.youtube.com/watch?v=oftjwYmlfoA,Trading,TRUE,TRUE,FALSE,FALSE,TRUE,FALSE,FALSE,176,7,96.17%,,,capitalistic
46,2007,E-Trade,https://superbowl-ads.com/2007-etrade-one-finger/,https://www.youtube.com/watch?v=jaR5-kefxn4,Trading,TRUE,FALSE,TRUE,FALSE,FALSE,FALSE,FALSE,101,23,81.45%,,,capitalistic
47,2000,Budweiser,https://superbowl-ads.com/2000-budweiser-whaasup-game/,https://www.youtube.com/watch?v=loimTUjV92Q,Beer,TRUE,TRUE,FALSE,FALSE,FALSE,FALSE,FALSE,12,2,85.71%,together,,capitalistic
48,2013,Doritos,https://superbowl-ads.com/video-doritos-2013-super-bowl-xlvii-commercial-goat-for-sale/,https://www.youtube.com/watch?v=DoM6IhfY8No,Chips,TRUE,TRUE,FALSE,FALSE,FALSE,TRUE,FALSE,3200,117,96.47%,,,capitalistic
49,2013,Budweiser,https://superbowl-ads.com/video-budweiser-black-crown-2013-super-bowl-xlvii-ad-coronation/,https://www.youtube.com/watch?v=AMP9fgyi41M,Beer,FALSE,TRUE,FALSE,FALSE,FALSE,FALSE,TRUE,5,3,62.50%,together,,capitalistic
50,2007,Doritos,https://superbowl-ads.com/2007-doritos-live-the-favor/,https://www.youtube.com/watch?v=kNxgxF-7SfA,Chips,TRUE,TRUE,FALSE,FALSE,TRUE,FALSE,TRUE,2500,862,74.36%,partner-catcher,,capitalistic
51,2009,Budweiser,https://superbowl-ads.com/2009-budweiser-clydesdale-plays-fetch/,https://www.youtube.com/watch?v=w_ZEGUX4YnI,Beer,TRUE,TRUE,TRUE,FALSE,FALSE,TRUE,FALSE,72,3,96.00%,,,capitalistic
52,2012,E-Trade,https://superbowl-ads.com/2012-etrade-fatherhood/,https://www.youtube.com/watch?v=fObt1E6Ij_E,Trading,TRUE,FALSE,FALSE,FALSE,FALSE,FALSE,FALSE,1,0,100.00%,,,capitalistic
53,2019,Bud Light,https://superbowl-ads.com/2019-bud-light-medieval-barbers/,https://www.youtube.com/watch?v=hkSQ2Vr41bM,Beer,TRUE,TRUE,FALSE,FALSE,FALSE,FALSE,FALSE,71,119,37.37%,,,capitalistic
54,2017,Kia,https://superbowl-ads.com/2017-kia-super-bowl-51-li-tv-commercial-heros-journey-starring-melissa-mccarthy/,https://www.youtube.com/watch?v=pVxmT2x3Od4,Automotive,TRUE,FALSE,FALSE,TRUE,TRUE,TRUE,FALSE,NaN,NaN,NaN,inspirational,,alrtruistic
55,2007,Bud Light,https://superbowl-ads.com/2007-bud-light-but-he-has-bud-light/,https://www.youtube.com/watch?v=qIC90Vnc-OI,Beer,TRUE,TRUE,FALSE,FALSE,TRUE,FALSE,FALSE,460,14,97.05%,together,,capitalistic
56,2011,Bud Light,https://superbowl-ads.com/2011-bud-light-dog-sitter/,https://www.youtube.com/watch?v=JJn1vM7LB1Y,Beer,TRUE,TRUE,FALSE,FALSE,FALSE,TRUE,FALSE,3,2,60.00%,together,,capitalistic
57,2016,Pepsi,https://superbowl-ads.com/pepsi-2016-super-bowl-50-ad-joy-pepsi/,https://www.youtube.com/watch?v=B9j4Cw5dkBs,Soft Drink,FALSE,FALSE,FALSE,TRUE,FALSE,FALSE,FALSE,NaN,NaN,NaN,nostalgia,,capitalistic
58,2009,Hynudai,https://superbowl-ads.com/2009-hyundai-angry-bosses/,https://www.youtube.com/watch?v=puG0WOgAUfs,Automotive,TRUE,TRUE,FALSE,FALSE,FALSE,FALSE,FALSE,588,9,98.49%,informative,,capitalistic
59,2011,Coca-Cola,https://superbowl-ads.com/2011-coca-cola-siege/,https://www.youtube.com/watch?v=nAJvHsVoLq0,Soft Drink,TRUE,FALSE,FALSE,FALSE,TRUE,TRUE,FALSE,65,3,95.59%,,,capitalistic
60,2016,Hynudai,https://superbowl-ads.com/hyundai-2016-super-bowl-50-ad-ryanville/,https://www.youtube.com/watch?v=wBcijELzZi4,Automotive,TRUE,TRUE,FALSE,TRUE,FALSE,TRUE,TRUE,150,6,96.15%,,,capitalistic
61,2009,Doritos,https://superbowl-ads.com/2009-doritos-new-flavor-pitch/,https://www.youtube.com/watch?v=qKKpRhFcKBk,Chips,TRUE,TRUE,FALSE,FALSE,FALSE,FALSE,FALSE,123,10,92.48%,,,capitalistic
62,2010,Doritos,https://superbowl-ads.com/hd-exclusive-doritos-samurai-2010-super-bowl-44-xliv-commercial-ad/,https://www.youtube.com/watch?v=1ww1k7w4WQ8,Chips,TRUE,TRUE,FALSE,FALSE,TRUE,FALSE,FALSE,1300,33,97.52%,,,capitalistic
63,2015,Doritos,https://superbowl-ads.com/2015-doritos-middle-seat/,https://www.youtube.com/watch?v=2JqRXLQYF9o,Chips,TRUE,FALSE,FALSE,FALSE,FALSE,FALSE,TRUE,3200,240,93.02%,together,partner-catcher,capitalistic
64,2007,Coca-Cola,https://superbowl-ads.com/2007-coca-cola-video-game/,https://www.youtube.com/watch?v=3Tnm53uXIvg,Soft Drink,FALSE,TRUE,TRUE,FALSE,TRUE,TRUE,FALSE,456,50,90.12%,inspirational,,capitalistic
65,2019,Toyota,https://superbowl-ads.com/2019-toyota-supra-wizard/,https://www.youtube.com/watch?v=ZuBbnZ3UbJw,Automotive,FALSE,TRUE,FALSE,FALSE,FALSE,FALSE,FALSE,NaN,NaN,NaN,informative,,capitalistic
66,2002,Budweiser,https://superbowl-ads.com/2002-budweiser-how-ya-doin/,https://www.youtube.com/watch?v=mhEYXcCB1Qw,Beer,TRUE,TRUE,FALSE,FALSE,FALSE,FALSE,FALSE,423,9,97.92%,together,,capitalistic
67,2014,Coca-Cola,https://superbowl-ads.com/2014-coca-going-all-the-way/,https://www.youtube.com/watch?v=nO-8ZY7p95o,Soft Drink,TRUE,FALSE,FALSE,FALSE,FALSE,FALSE,FALSE,17,5,77.27%,together,inspirational,capitalistic
68,2004,Budweiser,https://superbowl-ads.com/2004-budweiser-referee/,https://www.youtube.com/watch?v=uO-E2T1hayU,Beer,TRUE,FALSE,FALSE,FALSE,FALSE,FALSE,FALSE,NaN,NaN,NaN,,,capitalistic
69,2016,Coca-Cola,https://superbowl-ads.com/coca-cola-mini-2016-super-bowl-50-ad-hulk-vs-ant-man/,https://www.youtube.com/watch?v=sMkGwCw7iv8,Soft Drink,TRUE,TRUE,FALSE,TRUE,TRUE,FALSE,FALSE,260000,8100,96.98%,nostalgia,,capitalistic
70,2015,Budweiser,https://superbowl-ads.com/2015-budweiser-clydesdale-beer-run/,https://www.youtube.com/watch?v=5tso0er4EUI,Beer,TRUE,TRUE,FALSE,FALSE,TRUE,TRUE,FALSE,23,4,85.19%,,,capitalistic
71,2016,Hynudai,https://superbowl-ads.com/hyundai-2016-super-bowl-50-ad-first-date/,https://www.youtube.com/watch?v=KwUUdl22mkA,Automotive,TRUE,FALSE,FALSE,TRUE,FALSE,FALSE,FALSE,3000,51,98.33%,informative,family,capitalistic
72,2001,Bud Light,https://superbowl-ads.com/2001-bud-light-pencil-pusher/,https://www.youtube.com/watch?v=J89vbNUzhIE,Beer,TRUE,FALSE,FALSE,FALSE,TRUE,FALSE,TRUE,389,12,97.01%,partner-catcher,,capitalistic
73,2003,Bud Light,https://superbowl-ads.com/2003-bud-light-strongman/,https://www.youtube.com/watch?v=_cEQ5g6bzdM,Beer,TRUE,TRUE,FALSE,FALSE,TRUE,FALSE,FALSE,55,3,94.83%,together,,capitalistic
74,2000,Bud Light,https://superbowl-ads.com/2000-bud-light-hold-the-door/,https://www.youtube.com/watch?v=M3IV93HwSkc,Beer,TRUE,TRUE,FALSE,FALSE,TRUE,FALSE,FALSE,8,0,100.00%,together,,capitalistic
75,2018,Coca-Cola,https://superbowl-ads.com/2018-coca-cola-super-bowl-ad-wonder-us/,https://www.youtube.com/watch?v=ucCvhK2CZMo,Soft Drink,FALSE,TRUE,TRUE,FALSE,FALSE,FALSE,FALSE,NaN,NaN,NaN,inspirational,together,capitalistic
76,2001,Pepsi,https://superbowl-ads.com/2001-pepsi-subway-miracle/,https://www.youtube.com/watch?v=1nmPv4M8Ps8,Soft Drink,TRUE,FALSE,FALSE,FALSE,FALSE,FALSE,TRUE,6,4,60.00%,inspirational,,capitalistic
77,2014,Doritos,https://superbowl-ads.com/2014-doritos-cowboy-kid/,https://www.youtube.com/watch?v=1X_M47SQF6s,Chips,TRUE,TRUE,FALSE,FALSE,TRUE,TRUE,FALSE,47,5,90.38%,family,together,capitalistic
78,2016,Budweiser,https://superbowl-ads.com/budweiser-2016-super-bowl-50-ad-simply-put/,https://www.youtube.com/watch?v=Le_2S2db0Bk,Beer,FALSE,TRUE,FALSE,TRUE,FALSE,FALSE,FALSE,NaN,NaN,NaN,informative,,alrtruistic
79,2004,Budweiser,https://superbowl-ads.com/2004-budweiser-donkey/,https://www.youtube.com/watch?v=pmmsr7PAhWU,Beer,FALSE,TRUE,TRUE,FALSE,FALSE,TRUE,FALSE,3800,110,97.19%,,,capitalistic
80,2015,Budweiser,https://superbowl-ads.com/budweiser-2015-super-bowl-xlix-ad-brewed-the-hard-way/,https://www.youtube.com/watch?v=7_EfXuGev24,Beer,FALSE,TRUE,TRUE,FALSE,FALSE,TRUE,FALSE,NaN,NaN,NaN,together,,capitalistic
81,2016,Kia,https://superbowl-ads.com/kia-optima-2016-super-bowl-50-ad-walken-closet/,https://www.youtube.com/watch?v=rBkPXt-OpA4,Automotive,TRUE,FALSE,FALSE,TRUE,FALSE,FALSE,FALSE,145,3,97.97%,inspirational,,capitalistic
82,2017,Budweiser,https://superbowl-ads.com/2017-budweiser-super-bowl-51-li-tv-commercial-born-hard-way/,https://www.youtube.com/watch?v=HtBZvl7dIu4,Beer,FALSE,FALSE,TRUE,FALSE,TRUE,FALSE,FALSE,48000,17000,73.85%,nostalgia,together,capitalistic
83,2000,Budweiser,https://superbowl-ads.com/2000-budweiser-talking-dog/,,Beer,TRUE,FALSE,FALSE,FALSE,FALSE,TRUE,FALSE,NaN,NaN,NaN,,,capitalistic
84,2009,Coca-Cola,https://superbowl-ads.com/2009-coca-cola-heist/,https://www.youtube.com/watch?v=icV7fGqPZ2I,Soft Drink,FALSE,TRUE,FALSE,FALSE,FALSE,TRUE,FALSE,1900,332,85.13%,together,,capitalistic
85,2015,Doritos,https://superbowl-ads.com/doritos-2015-super-bowl-xlix-ad-when-pigs-fly/,https://www.youtube.com/watch?v=YQo0TfuueaY,Chips,TRUE,TRUE,TRUE,FALSE,FALSE,TRUE,FALSE,2300,166,93.27%,inspirational,,capitalistic
86,2004,Toyota,https://superbowl-ads.com/2004-toyota-revenge/,https://www.youtube.com/watch?v=5uLJitPWAXM,Automotive,TRUE,TRUE,FALSE,FALSE,TRUE,FALSE,FALSE,1100,16,98.57%,,,capitalistic
87,2016,NFL,https://superbowl-ads.com/nfl-2016-super-bowl-50-ad-super-bowl-babies-choir/,https://www.youtube.com/watch?v=9KqekigARfE,Football,FALSE,FALSE,TRUE,TRUE,FALSE,FALSE,FALSE,21000,2000,91.30%,nostalgia,family,capitalistic
88,2017,Hynudai,https://superbowl-ads.com/2017-hyundai-super-bowl-51-li-tv-commercial-better-super-bowl/,https://www.youtube.com/watch?v=KpN6fxOorwE,Automotive,FALSE,FALSE,TRUE,FALSE,FALSE,FALSE,FALSE,NaN,NaN,NaN,together,,alrtruistic
89,2012,Bud Light,https://superbowl-ads.com/2012-bud-light-rescue-dog/,https://www.youtube.com/watch?v=Qr3GJqccGi4,Beer,TRUE,TRUE,FALSE,FALSE,FALSE,TRUE,TRUE,45,3,93.75%,together,,capitalistic
90,2008,Budweiser,https://superbowl-ads.com/2008-budweiser-dalmatian-trains-hank-for-team/,https://www.youtube.com/watch?v=odpagg0jV6I,Beer,FALSE,TRUE,TRUE,FALSE,FALSE,TRUE,FALSE,363,8,97.84%,,,capitalistic
91,2013,Hynudai,https://superbowl-ads.com/video-hyundai-2013-super-bowl-xlvii-ad-santafe-team/,https://www.youtube.com/watch?v=jvm68nEAU7o,Automotive,TRUE,TRUE,FALSE,FALSE,TRUE,TRUE,FALSE,1100,14,98.74%,family,,capitalistic
92,2010,Doritos,https://superbowl-ads.com/hd-exclusive-casket-funeral-doritos-2010-super-bowl-44-xliv-commercial-ad/,https://www.youtube.com/watch?v=2IhJl7mBtls,Chips,TRUE,TRUE,FALSE,FALSE,FALSE,FALSE,FALSE,26,0,100.00%,,,capitalistic
93,2016,Bud Light,https://superbowl-ads.com/bud-light-2016-super-bowl-50-ad-the-bud-light-party/,https://www.youtube.com/watch?v=e0ez2t6oRWY,Beer,TRUE,TRUE,TRUE,TRUE,FALSE,TRUE,FALSE,NaN,NaN,NaN,together,,capitalistic
94,2019,Toyota,https://superbowl-ads.com/2019-toyota-toni-with-antoinette-harris/,https://www.youtube.com/watch?v=wegrVsP3gK4,Automotive,FALSE,TRUE,FALSE,FALSE,FALSE,FALSE,FALSE,44,16,73.33%,inspirational,,capitalistic
95,2009,Bud Light,https://superbowl-ads.com/2009-bud-light-meeting/,https://www.youtube.com/watch?v=L1fL0ZHX2t0,Beer,TRUE,TRUE,FALSE,FALSE,TRUE,FALSE,FALSE,196,8,96.08%,,,capitalistic
96,2019,Budweiser,https://superbowl-ads.com/2019-budweiser-wind-never-felt-better/,,Beer,FALSE,FALSE,FALSE,FALSE,FALSE,TRUE,FALSE,NaN,NaN,NaN,together,,alrtruistic
97,2003,Bud Light,https://superbowl-ads.com/2003-bud-light-yoga/,https://www.youtube.com/watch?v=bcV8WN1YIL4,Beer,TRUE,TRUE,FALSE,FALSE,FALSE,FALSE,TRUE,63,18,77.78%,,,capitalistic
98,2019,Coca-Cola,https://superbowl-ads.com/2019-coca-cola-a-coke-is-a-coke/,https://www.youtube.com/watch?v=WTqL_giKNHQ,Soft Drink,FALSE,TRUE,TRUE,FALSE,FALSE,TRUE,FALSE,441,58,88.38%,together,,capitalistic
99,2012,Hynudai,https://superbowl-ads.com/2012-hyundai-genesis-heart/,https://www.youtube.com/watch?v=UxQKSCpOIOI,Automotive,TRUE,TRUE,FALSE,FALSE,TRUE,FALSE,FALSE,6,0,100.00%,informative,,capitalistic
100,2011,Hynudai,https://superbowl-ads.com/2011-hyundai-super-bowl-commercial-hypnotized-video/,https://www.youtube.com/watch?v=5ofcQl6gWeE,Automotive,TRUE,FALSE,FALSE,FALSE,FALSE,FALSE,FALSE,NaN,NaN,NaN,informative,,capitalistic
101,2015,Kia,https://superbowl-ads.com/2015-kia-sorento-the-perfect-getaway-with-pierce-brosnan/,https://www.youtube.com/watch?v=nayeYTmEdYw,Automotive,TRUE,TRUE,FALSE,TRUE,TRUE,TRUE,TRUE,77,2,97.47%,nostalgia,,capitalistic
102,2014,Budweiser,https://superbowl-ads.com/2014-budweiser-a-heros-welcome/,https://www.youtube.com/watch?v=XxfxB0O9Uuk,Beer,FALSE,FALSE,TRUE,FALSE,FALSE,TRUE,FALSE,NaN,NaN,NaN,together,,alrtruistic
103,2007,Bud Light,https://superbowl-ads.com/2007-bud-light-rock-scissors-paper/,https://www.youtube.com/watch?v=kH50-giCeDM,Beer,TRUE,TRUE,FALSE,FALSE,TRUE,FALSE,FALSE,365,10,97.33%,,,capitalistic
104,2008,Hynudai,https://superbowl-ads.com/2008-hyundai-genesis-luxury/,https://www.youtube.com/watch?v=PsKJUnGEGSs,Automotive,FALSE,TRUE,FALSE,FALSE,FALSE,FALSE,FALSE,NaN,NaN,NaN,informative,,capitalistic
105,2010,NFL,https://superbowl-ads.com/2010-nfl-best-fans-on-the-planet/,https://www.youtube.com/watch?v=6cMHr8goUgU,Football,FALSE,FALSE,TRUE,FALSE,FALSE,FALSE,FALSE,508,17,96.76%,together,,capitalistic
106,2005,Pepsi,https://superbowl-ads.com/2005-pepsi-song-in-a-bottle/,https://www.youtube.com/watch?v=vUwROngDC88,Soft Drink,TRUE,TRUE,FALSE,FALSE,FALSE,FALSE,FALSE,4,0,100.00%,informative,,capitalistic
107,2018,Budweiser,https://superbowl-ads.com/41891-2/,https://www.youtube.com/watch?v=GNVw5f16GEM,Beer,FALSE,FALSE,TRUE,FALSE,FALSE,FALSE,FALSE,176,10,94.62%,together,informative,alrtruistic
108,2018,Bud Light,https://superbowl-ads.com/bud-light-the-bud-knight/,https://www.youtube.com/watch?v=UizTtcBsNi8,Beer,TRUE,TRUE,FALSE,FALSE,TRUE,TRUE,FALSE,NaN,NaN,NaN,together,,capitalistic
109,2004,Bud Light,https://superbowl-ads.com/2004-bud-light-sleigh-ride/,https://www.youtube.com/watch?v=yQ_nU0_R7PE,Beer,TRUE,FALSE,FALSE,FALSE,TRUE,TRUE,TRUE,120,7,94.49%,partner-catcher,together,capitalistic
110,2002,Budweiser,https://superbowl-ads.com/2002-budweiser-anniversary-card/,https://www.youtube.com/watch?v=LnU2T2P1oxA,Beer,TRUE,FALSE,FALSE,FALSE,FALSE,FALSE,FALSE,59,4,93.65%,partner-catcher,,capitalistic
111,2006,Budweiser,https://superbowl-ads.com/2006-budweiser-stadium-crowd-wave/,https://www.youtube.com/watch?v=4WeAvfP1ikU,Beer,TRUE,TRUE,FALSE,FALSE,FALSE,FALSE,FALSE,84,18,82.35%,together,,capitalistic
112,2014,Bud Light,https://superbowl-ads.com/2014-bud-light-up-for-whatever-2/,https://www.youtube.com/watch?v=PnOW5qj_R6A,Beer,FALSE,TRUE,FALSE,TRUE,FALSE,TRUE,TRUE,NaN,NaN,NaN,,,capitalistic
113,2009,Coca-Cola,https://superbowl-ads.com/2009-coca-cola-avatar/,https://www.youtube.com/watch?v=Kwke0LNardc,Soft Drink,TRUE,FALSE,FALSE,FALSE,FALSE,TRUE,FALSE,3500,297,92.18%,partner-catcher,,capitalistic
114,2014,Bud Light,https://superbowl-ads.com/2014-bud-light-up-for-whatever-1/,,Beer,TRUE,TRUE,FALSE,TRUE,FALSE,FALSE,TRUE,NaN,NaN,NaN,,,capitalistic
115,2003,Bud Light,https://superbowl-ads.com/2003-bud-light-third-arm/,,Beer,TRUE,TRUE,FALSE,FALSE,FALSE,FALSE,TRUE,NaN,NaN,NaN,,,capitalistic
116,2014,Toyota,https://superbowl-ads.com/2014-toyota-highlander-no-room-for-boring/,https://www.youtube.com/watch?v=b01P9PaaoLk,Automotive,TRUE,TRUE,FALSE,TRUE,FALSE,TRUE,FALSE,256,7,97.34%,informative,,capitalistic
117,2009,Bud Light,https://superbowl-ads.com/2009-bud-light-skier/,https://www.youtube.com/watch?v=LEVQAU_LITI,Beer,TRUE,TRUE,FALSE,FALSE,TRUE,FALSE,TRUE,34,3,91.89%,informative,,capitalistic
118,2014,Kia,https://superbowl-ads.com/2014-kia-the-truth/,https://www.youtube.com/watch?v=FTNMYoKHwvU,Automotive,FALSE,FALSE,FALSE,TRUE,TRUE,FALSE,FALSE,822,5,99.40%,informative,,capitalistic
119,2014,Hynudai,https://superbowl-ads.com/2014-hyundai-elantra-nice/,https://www.youtube.com/watch?v=2jMWybAKjWw,Automotive,TRUE,TRUE,FALSE,TRUE,TRUE,FALSE,TRUE,33,2,94.29%,informative,,capitalistic
120,2013,Bud Light,https://superbowl-ads.com/video-bud-light-2013-super-bowl-xlvii-commercial-lucky-chair/,https://www.youtube.com/watch?v=7HMTkEMdqBQ,Beer,TRUE,TRUE,TRUE,TRUE,TRUE,TRUE,TRUE,NaN,NaN,NaN,,,capitalistic
121,2008,Bud Light,https://superbowl-ads.com/2008-bud-light-wheel-suck/,https://www.youtube.com/watch?v=WX8Du9pusdA,Beer,TRUE,TRUE,FALSE,FALSE,FALSE,FALSE,FALSE,764,55,93.28%,nostalgia,,capitalistic
122,2003,Budweiser,https://superbowl-ads.com/2003-budweiser-great-listener/,https://www.youtube.com/watch?v=zx4SnN9HuRw,Beer,TRUE,TRUE,FALSE,FALSE,FALSE,FALSE,FALSE,18,3,85.71%,partner-catcher,,capitalistic
123,2013,Bud Light,https://superbowl-ads.com/video-bud-light-2013-super-bowl-xlvii-ad-journey/,https://www.youtube.com/watch?v=leptS7k6sLE,Beer,TRUE,TRUE,FALSE,TRUE,FALSE,FALSE,FALSE,1,0,100.00%,partner-catcher,,capitalistic
124,2011,Doritos,https://superbowl-ads.com/2011-doritos-pug-attack/,https://www.youtube.com/watch?v=1A6frF5zfDE,Chips,TRUE,TRUE,FALSE,FALSE,TRUE,TRUE,FALSE,871,11,98.75%,,,capitalistic
125,2005,Bud Light,https://superbowl-ads.com/2005-bud-light-skydiver/,https://www.youtube.com/watch?v=Y9wyIID8Khs,Beer,TRUE,FALSE,FALSE,FALSE,FALSE,FALSE,FALSE,NaN,NaN,NaN,,,capitalistic
126,2005,Budweiser,https://superbowl-ads.com/2005-budweiser-tryouts/,,Beer,TRUE,FALSE,FALSE,FALSE,FALSE,TRUE,FALSE,NaN,NaN,NaN,together,,capitalistic
127,2014,Doritos,https://superbowl-ads.com/2014-doritos-time-machine/,https://www.youtube.com/watch?v=Y-P0Hs0ADJY,Chips,TRUE,TRUE,FALSE,FALSE,FALSE,TRUE,FALSE,21000,1600,92.92%,,,capitalistic
128,2008,Bud Light,https://superbowl-ads.com/2008-bud-light-wine-cheese-party/,https://www.youtube.com/watch?v=aEWtTVaIH0M,Beer,TRUE,FALSE,FALSE,FALSE,FALSE,FALSE,FALSE,417,59,87.61%,together,,capitalistic
129,2012,Pepsi,https://superbowl-ads.com/2012-pepsi-kings-court/,https://www.youtube.com/watch?v=3rZs8ZKTsp0,Soft Drink,FALSE,TRUE,FALSE,TRUE,FALSE,FALSE,FALSE,1500,139,91.52%,comedic,Celebrity,
130,2012,Doritos,https://superbowl-ads.com/2012-doritos-mans-best-friend/,https://www.youtube.com/watch?v=kMmd0WaQFGE,Chips,TRUE,FALSE,FALSE,FALSE,TRUE,TRUE,FALSE,254,21,92.36%,comedic,Animals,
131,2012,Toyota,https://superbowl-ads.com/2012-toyota-camry-its-reinvented/,https://www.youtube.com/watch?v=oYdJKey7VpU,Automotive,TRUE,TRUE,FALSE,FALSE,TRUE,TRUE,TRUE,1200,16,98.68%,comedic,,
132,2016,Doritos,https://superbowl-ads.com/doritos-2016-super-bowl-50-ad-ultrasound/,https://www.youtube.com/watch?v=Qh_gOK6xDNA,Chips,TRUE,TRUE,FALSE,FALSE,FALSE,FALSE,FALSE,10000,314,96.96%,comedic,Family,
133,2002,Bud Light,https://superbowl-ads.com/2002-bud-light-falcon/,https://www.youtube.com/watch?v=ZBD4dYTpYAU,Beer,TRUE,TRUE,FALSE,FALSE,TRUE,TRUE,TRUE,21,2,91.30%,animals,,
134,2002,Bud Light,https://superbowl-ads.com/2002-bud-light-robobash/,https://www.youtube.com/watch?v=oJvsWvaTr4w,Beer,TRUE,FALSE,FALSE,FALSE,TRUE,FALSE,FALSE,215,6,97.29%,robot,Fighting,
135,2013,E-Trade,https://superbowl-ads.com/video-etrade-baby-2013-super-bowl-xlvii-commercial-save-it/,https://www.youtube.com/watch?v=F0nhq4GO90s,Trading,TRUE,TRUE,FALSE,FALSE,FALSE,TRUE,FALSE,1,0,100.00%,baby,Comedic,
136,2008,Bud Light,https://superbowl-ads.com/2008-bud-light-breathe-fire/,https://www.youtube.com/watch?v=AhqPl1IKVo4,Beer,TRUE,TRUE,FALSE,FALSE,TRUE,TRUE,FALSE,27,4,87.10%,comedic,Family,
137,2012,Coca-Cola,https://superbowl-ads.com/2012-coca-cola-arghh-ny-bear/,https://www.youtube.com/watch?v=jhvAXT9R_3U,Soft Drink,FALSE,TRUE,FALSE,FALSE,FALSE,TRUE,FALSE,123,5,96.09%,animals,,
138,2004,Pepsi,https://superbowl-ads.com/2004-pepsi-jimi-hendrix/,https://www.youtube.com/watch?v=NOOmu1Rz17Y,Soft Drink,TRUE,TRUE,FALSE,FALSE,FALSE,FALSE,FALSE,337,12,96.56%,comedic,Celebrity,
139,2010,Doritos,https://superbowl-ads.com/hd-exclusive-dog-shock-collar-doritos-commercial-super-bowl-44-2010-super-bowl-xliv/,https://www.youtube.com/watch?v=UBaZDWIs3fs,Chips,TRUE,TRUE,FALSE,FALSE,TRUE,TRUE,FALSE,284,19,93.73%,animals,,
140,2012,Kia,https://superbowl-ads.com/2012-kia-optima-drive-the-dream-extended-version/,https://www.youtube.com/watch?v=9RI6OGXq11Y,Automotive,TRUE,FALSE,FALSE,TRUE,FALSE,FALSE,TRUE,616,14,97.78%,comedic,high budget,
141,2012,NFL,https://superbowl-ads.com/2012-nfl-timeline/,https://www.youtube.com/watch?v=CPr4-P19NtE,Football,FALSE,TRUE,FALSE,TRUE,FALSE,FALSE,FALSE,2100,44,97.95%,sports,,
142,2005,Bud Light,https://superbowl-ads.com/2005-bud-light-sharon/,,Beer,TRUE,TRUE,FALSE,FALSE,FALSE,FALSE,TRUE,NaN,NaN,NaN,,,
143,2010,Hynudai,https://superbowl-ads.com/hd-exclusive-2010-super-bowl-xliv-commercial-with-brett-favre-hyundai-commercial/,https://www.youtube.com/watch?v=KqAWv2wCW8I,Automotive,FALSE,FALSE,FALSE,TRUE,FALSE,FALSE,FALSE,308,12,96.25%,celebrity,,
144,2004,Bud Light,https://superbowl-ads.com/2004-bud-light-paintball/,https://www.youtube.com/watch?v=qbS0gF3YdBg,Beer,TRUE,TRUE,FALSE,FALSE,TRUE,FALSE,FALSE,10,0,100.00%,sports,comedic,
145,2008,Bud Light,https://superbowl-ads.com/2008-bud-light-x-ray-vision/,https://www.youtube.com/watch?v=cOEMI8HRhlA,Beer,TRUE,TRUE,FALSE,FALSE,FALSE,FALSE,TRUE,170,11,93.92%,comedic,sex,
146,2016,Toyota,https://superbowl-ads.com/pokemon-2016-super-bowl-50-ad-20-years-2/,https://www.youtube.com/watch?v=KLkQ9c9-QFI,Automotive,TRUE,FALSE,FALSE,FALSE,TRUE,FALSE,FALSE,NaN,NaN,NaN,,,
147,2006,Bud Light,https://superbowl-ads.com/2006-bud-light-magic-fridge/,https://www.youtube.com/watch?v=67dRRrRz2t8,Beer,TRUE,TRUE,FALSE,FALSE,FALSE,FALSE,FALSE,436,17,96.25%,comedic,,
148,2007,Coca-Cola,https://superbowl-ads.com/2007-coca-cola-happiness-factory/,https://www.youtube.com/watch?v=NwZpO6saPxI,Soft Drink,FALSE,TRUE,FALSE,FALSE,FALSE,TRUE,FALSE,30,4,88.24%,fantasy,,
149,2007,Budweiser,https://superbowl-ads.com/2007-budweiser-dalmatian/,https://www.youtube.com/watch?v=esOPYOeotTU,Beer,FALSE,FALSE,FALSE,FALSE,TRUE,TRUE,FALSE,58,3,95.08%,animals,,
150,2013,Doritos,https://superbowl-ads.com/video-doritos-2013-super-bowl-xlvii-ad-fashionista-daddy/,https://www.youtube.com/watch?v=w_2k5LMeduc,Chips,TRUE,TRUE,FALSE,FALSE,FALSE,FALSE,FALSE,2700,369,87.98%,comedic,girly,
151,2010,Bud Light,https://superbowl-ads.com/hd-exclusive-bud-light-auto-tune-t-pain-2010-superbowl-44-xliv-commercial-ad/,https://www.youtube.com/watch?v=bDhjcP02GQg,Beer,TRUE,TRUE,FALSE,TRUE,FALSE,FALSE,FALSE,123,7,94.62%,comedic,,
152,2009,Doritos,https://superbowl-ads.com/2009-doritos-power-of-the-crunch/,https://www.youtube.com/watch?v=7DZao4kN73M,Chips,TRUE,TRUE,FALSE,FALSE,TRUE,TRUE,TRUE,1900,223,89.50%,comedic,,
153,2009,Coca-Cola,https://superbowl-ads.com/2009-coke-zero-mean-troy/,https://www.youtube.com/watch?v=XKFUcEkIbEg,Soft Drink,TRUE,TRUE,FALSE,TRUE,TRUE,FALSE,FALSE,102,8,92.73%,celebrity,,
154,2009,Pepsi,https://superbowl-ads.com/2009-pepsi-anthem/,https://www.youtube.com/watch?v=WIzKwJmYLNs,Soft Drink,FALSE,FALSE,TRUE,TRUE,TRUE,FALSE,FALSE,11,0,100.00%,wholesome,,
155,2001,E-Trade,https://superbowl-ads.com/2001-etrade-dot-com-ghost-town/,https://www.youtube.com/watch?v=ONZFkqzuMjI,Trading,FALSE,FALSE,FALSE,FALSE,TRUE,TRUE,FALSE,240,9,96.39%,animals,,
156,2018,Bud Light,https://superbowl-ads.com/bud-light-ye-olde-pep-talk/,https://www.youtube.com/watch?v=xza7T89Lda4,Beer,TRUE,TRUE,FALSE,FALSE,TRUE,TRUE,FALSE,NaN,NaN,NaN,,,
157,2015,Doritos,https://superbowl-ads.com/2015-doritos-cheesy-pirates/,,Chips,TRUE,FALSE,FALSE,FALSE,TRUE,FALSE,TRUE,NaN,NaN,NaN,,,
158,2010,Kia,https://superbowl-ads.com/hd-exclusive-kias-big-game-commercial-2010-super-bowl-44-xliv-ad/,https://www.youtube.com/watch?v=7q2yVq6fDEg,Automotive,TRUE,TRUE,FALSE,FALSE,FALSE,TRUE,TRUE,104,6,94.55%,comedic,celebrity,
159,2008,Doritos,https://superbowl-ads.com/2008-doritos-mouse-trap/,https://www.youtube.com/watch?v=h8qgk5tXuUA,Chips,TRUE,TRUE,FALSE,FALSE,TRUE,FALSE,FALSE,1200,38,96.93%,comedic,suspense,
160,2012,Coca-Cola,https://superbowl-ads.com/2012-coca-cola-superstition/,https://www.youtube.com/watch?v=x1nttVdja9s,Soft Drink,FALSE,TRUE,FALSE,FALSE,FALSE,TRUE,FALSE,78,19,80.41%,animals,,
161,2011,Hynudai,https://superbowl-ads.com/2011-hyundai-super-bowl-commercial-deprogramming-video/,https://www.youtube.com/watch?v=32d5c_IW2Xc,Automotive,FALSE,FALSE,FALSE,FALSE,FALSE,TRUE,FALSE,1,0,100.00%,surreal,,
162,2008,Coca-Cola,https://superbowl-ads.com/2008-coca-cola-political-parties/,https://www.youtube.com/watch?v=2_LWZe2BGaE,Soft Drink,TRUE,TRUE,TRUE,TRUE,FALSE,FALSE,FALSE,39,3,92.86%,comedic,politics,
163,2000,Bud Light,https://superbowl-ads.com/2000-bud-light-she-has-a-cat/,,Beer,TRUE,FALSE,FALSE,FALSE,TRUE,TRUE,TRUE,NaN,NaN,NaN,,,
164,2019,Kia,https://superbowl-ads.com/2020-kia-telluride-give-it-everything/,https://www.youtube.com/watch?v=sS8dkRhDirY,Automotive,FALSE,FALSE,TRUE,FALSE,FALSE,TRUE,FALSE,NaN,NaN,NaN,animals,surreal,
165,2002,Bud Light,https://superbowl-ads.com/2002-bud-light-satin-sheets/,https://www.youtube.com/watch?v=-LwSb4cCAnw,Beer,TRUE,FALSE,FALSE,FALSE,TRUE,FALSE,TRUE,366,18,95.31%,comedic,,
166,2013,Kia,https://superbowl-ads.com/video-2013-kia-super-bowl-xlvii-commercial-space-babies/,https://www.youtube.com/watch?v=k5vbGQb7jR0,Automotive,TRUE,FALSE,FALSE,FALSE,FALSE,TRUE,TRUE,49,4,92.45%,comedic,family,
167,2008,Pepsi,https://superbowl-ads.com/2008-pepsi-every-sip-with-justin-timberlake/,https://www.youtube.com/watch?v=AKKM8sP24BE,Soft Drink,TRUE,FALSE,FALSE,TRUE,TRUE,FALSE,TRUE,634,16,97.54%,comedic,,
168,2019,Bud Light,https://superbowl-ads.com/2019-bud-light-special-delivery/,https://www.youtube.com/watch?v=eIlX0Gg0GRI,Beer,TRUE,TRUE,FALSE,FALSE,TRUE,FALSE,FALSE,NaN,NaN,NaN,,,
169,2011,Hynudai,https://superbowl-ads.com/2011-hyundai-super-bowl-commercial-anachronistic-city-video/,https://www.youtube.com/watch?v=-BVMOKtawUk,Automotive,FALSE,FALSE,FALSE,FALSE,FALSE,FALSE,FALSE,NaN,NaN,NaN,Comedic,Celebrity,
170,2008,Bud Light,https://superbowl-ads.com/2008-bud-light-language-of-love/,https://www.youtube.com/watch?v=Ao0x4zsb724,Beer,TRUE,TRUE,TRUE,TRUE,FALSE,FALSE,TRUE,598,181,76.77%,comedic,,
171,2008,Bud Light,https://superbowl-ads.com/2008-bud-light-jackie-moon-will-ferrell/,https://www.youtube.com/watch?v=ecqiZn2DDFQ,Beer,TRUE,TRUE,FALSE,TRUE,FALSE,FALSE,TRUE,1300,123,91.36%,comedic,celebrity,
172,2010,E-Trade,https://superbowl-ads.com/hd-exclusive-e-trade-baby-girlfriend-2010-superbowl-44-xliv-commercial-ad/,https://www.youtube.com/watch?v=tbLTl7egwlU,Trading,TRUE,TRUE,FALSE,FALSE,FALSE,FALSE,TRUE,1200,59,95.31%,Baby,Comedic,
173,2013,Budweiser,https://superbowl-ads.com/video-budweiser-black-crown-2013-super-bowl-xlvii-ad-celebration/,https://www.youtube.com/watch?v=2WNvlXoDs7w,Beer,FALSE,TRUE,FALSE,FALSE,FALSE,FALSE,TRUE,1,0,100.00%,music,sex,
174,2001,Pepsi,https://superbowl-ads.com/2001-pepsi-roller-coaster/,https://www.youtube.com/watch?v=MwfL-DkL1Vg,Soft Drink,TRUE,TRUE,FALSE,FALSE,FALSE,FALSE,TRUE,111,5,95.69%,comedic,stunt,
175,2018,Coca-Cola,https://superbowl-ads.com/diet-coke-twisted-mango-groove/,https://www.youtube.com/watch?v=nkGd47iB-wU,Soft Drink,FALSE,TRUE,FALSE,FALSE,FALSE,FALSE,TRUE,5,2,71.43%,comedic,,
176,2003,Bud Light,https://superbowl-ads.com/2003-bud-light-upside-down-clown/,https://www.youtube.com/watch?v=DTvxyDwP2CA,Beer,TRUE,TRUE,FALSE,FALSE,FALSE,FALSE,FALSE,244,11,95.69%,comedic,clown,
177,2011,Pepsi,https://superbowl-ads.com/2011-pepsi-max-love-hurts/,https://www.youtube.com/watch?v=r4eyQBvcBUA,Soft Drink,TRUE,TRUE,FALSE,FALSE,TRUE,FALSE,TRUE,679,196,77.60%,Comedic,Family,
178,2018,E-Trade,https://superbowl-ads.com/etrade-commercial-this-is-getting-old/,https://www.youtube.com/watch?v=Qx5-AZlfjp4,Trading,TRUE,FALSE,TRUE,FALSE,FALSE,FALSE,TRUE,188,12,94.00%,Comedic,,
179,2016,Budweiser,https://superbowl-ads.com/budweiser-2016-super-bowl-50-ad-not-backing/,https://www.youtube.com/watch?v=to4dhysGYD0,Beer,FALSE,TRUE,TRUE,FALSE,FALSE,TRUE,FALSE,NaN,NaN,NaN,powerful,surreal,
180,2008,Coca-Cola,https://superbowl-ads.com/2008-coca-cola-its-mine/,https://www.youtube.com/watch?v=-ACk9mRky5k,Soft Drink,TRUE,TRUE,FALSE,TRUE,TRUE,TRUE,FALSE,288,9,96.97%,surreal,celebrity,
181,2013,Kia,https://superbowl-ads.com/video-kia-forte-2013-super-bowl-xlvii-commercial-hot-bots/,https://www.youtube.com/watch?v=yhPBzlB6VJI,Automotive,TRUE,TRUE,FALSE,FALSE,TRUE,FALSE,TRUE,227,19,92.28%,comedic,robot,
182,2014,Coca-Cola,https://superbowl-ads.com/2014-coca-cola-its-beautiful/,https://www.youtube.com/watch?v=D4BC8zUfNhU,Soft Drink,FALSE,TRUE,TRUE,FALSE,FALSE,TRUE,FALSE,454,91,83.30%,surreal,,
183,2012,Budweiser,https://superbowl-ads.com/2012-budweiser-return-of-the-king/,https://www.youtube.com/watch?v=TieDNumMwOc,Beer,FALSE,TRUE,TRUE,FALSE,FALSE,TRUE,FALSE,NaN,NaN,NaN,inspirational,,
184,2004,Bud Light,https://superbowl-ads.com/2004-bud-light-fergus/,https://www.youtube.com/watch?v=j7QA9oHpduk,Beer,TRUE,TRUE,FALSE,FALSE,TRUE,TRUE,FALSE,46,3,93.88%,animals,,
185,2007,Bud Light,https://superbowl-ads.com/2007-bud-light-class-with-carlos-mencia/,https://www.youtube.com/watch?v=670X2MCWzK0,Beer,TRUE,TRUE,FALSE,TRUE,FALSE,FALSE,FALSE,1300,135,90.59%,comedic,,
186,2007,Budweiser,https://superbowl-ads.com/2007-budweiser-don-shula-vs-jayz/,https://www.youtube.com/watch?v=YnGpb8lbPOI,Beer,FALSE,FALSE,FALSE,TRUE,FALSE,FALSE,FALSE,NaN,NaN,NaN,celebrity,,
187,2019,Kia,https://superbowl-ads.com/2019-kia-the-great-unknowns-what-if/,https://www.youtube.com/watch?v=nONhop0Kq-E,Automotive,FALSE,FALSE,TRUE,FALSE,FALSE,FALSE,FALSE,2,2,50.00%,inspirational,,
188,2002,Budweiser,https://superbowl-ads.com/2002-budweiser-tushy/,,Beer,TRUE,TRUE,FALSE,FALSE,FALSE,FALSE,TRUE,NaN,NaN,NaN,,,
189,2010,E-Trade,https://superbowl-ads.com/hd-exclusive-e-trade-baby-first-class-2010-super-bowl-44-xliv-commercial-ad/,https://www.youtube.com/watch?v=tVrE5-eiSNA,Trading,TRUE,FALSE,FALSE,FALSE,FALSE,FALSE,FALSE,35,3,92.11%,,,
190,2003,Bud Light,https://superbowl-ads.com/2003-bud-light-mother-in-law/,https://www.youtube.com/watch?v=RuIXFuwLb2s,Beer,TRUE,TRUE,FALSE,FALSE,FALSE,FALSE,FALSE,340,18,94.97%,,,
191,2018,Toyota,https://superbowl-ads.com/toyota-2018-big-game-ad-one-team/,https://www.youtube.com/watch?v=QwF3ipuNyfc,Automotive,TRUE,TRUE,TRUE,FALSE,FALSE,FALSE,FALSE,NaN,NaN,NaN,,,
192,2003,Budweiser,https://superbowl-ads.com/2003-budweiser-instant-replay/,https://www.youtube.com/watch?v=hM79LTkT7ek,Beer,TRUE,TRUE,FALSE,FALSE,FALSE,TRUE,FALSE,14,2,87.50%,,,
193,2013,Budweiser,https://superbowl-ads.com/video-budweiser-2013-super-bowl-xlvii-ad-the-clydesdales-brotherhood/,https://www.youtube.com/watch?v=eJucRz8kYo0,Beer,FALSE,TRUE,FALSE,FALSE,FALSE,TRUE,FALSE,3700,125,96.73%,,,
194,2010,Budweiser,https://superbowl-ads.com/hd-exclusive-budweiser-body-bridge-2010-super-bowl-44-xliv-commercial-ad/,https://www.youtube.com/watch?v=IQHlA9qKJv4,Beer,TRUE,TRUE,TRUE,FALSE,FALSE,TRUE,FALSE,1,0,100.00%,,,
195,2003,Bud Light,https://superbowl-ads.com/2003-bud-light-no-pets-allowed/,https://www.youtube.com/watch?v=BKexURCYxtk,Beer,TRUE,TRUE,FALSE,FALSE,FALSE,TRUE,FALSE,76,4,95.00%,,,
196,2002,E-Trade,https://superbowl-ads.com/2002-etrade-monkey-musical/,https://www.youtube.com/watch?v=SK1i1iyE7RA,Trading,TRUE,TRUE,FALSE,FALSE,FALSE,TRUE,TRUE,14,0,100.00%,,,
197,2006,Budweiser,https://superbowl-ads.com/2006-budweiser-on-the-roof/,https://www.youtube.com/watch?v=q05QIp5qbnY,Beer,TRUE,TRUE,FALSE,FALSE,TRUE,FALSE,FALSE,168,16,91.30%,,,
198,2012,Coca-Cola,https://superbowl-ads.com/2012-coca-cola-catch-ne-bear/,https://www.youtube.com/watch?v=S2nBBMbjS8w,Soft Drink,FALSE,TRUE,FALSE,FALSE,TRUE,TRUE,FALSE,107000,47000,69.48%,,,
199,2019,Bud Light,https://superbowl-ads.com/2019-bud-light-trojan-horse-occupants/,https://www.youtube.com/watch?v=nScg3KmA_6k,Beer,TRUE,TRUE,FALSE,FALSE,FALSE,FALSE,FALSE,3,0,100.00%,,,
200,2007,Toyota,https://superbowl-ads.com/2007-toyota-tundra-see-saw/,https://www.youtube.com/watch?v=D81uh6I-2Q4,Automotive,FALSE,TRUE,FALSE,FALSE,FALSE,FALSE,FALSE,222,63,77.89%,,,
201,2014,Hynudai,https://superbowl-ads.com/2014-hyundai-genesis-dads-sixth-sense/,https://www.youtube.com/watch?v=CyK63f0I1P0,Automotive,TRUE,FALSE,FALSE,FALSE,TRUE,FALSE,TRUE,244,8,96.83%,,,
202,2006,Pepsi,https://superbowl-ads.com/2006-diet-pepsi-jackie-chan/,https://www.youtube.com/watch?v=sx0i7WgBOvs,Soft Drink,TRUE,TRUE,FALSE,TRUE,TRUE,FALSE,FALSE,80,8,90.91%,,,
203,2006,Pepsi,https://superbowl-ads.com/2006-diet-pepsi-brown-and-bubbly/,https://www.youtube.com/watch?v=d8f-PiELHls,Soft Drink,TRUE,TRUE,FALSE,TRUE,FALSE,FALSE,TRUE,51,0,100.00%,,,
204,2015,Pepsi,https://superbowl-ads.com/pepsi-2015-super-bowl-xlix-ad-halftime-touches-down/,https://www.youtube.com/watch?v=IUU_ygKs3jA,Soft Drink,FALSE,TRUE,FALSE,FALSE,FALSE,TRUE,FALSE,3,0,100.00%,,,
205,2012,Bud Light,https://superbowl-ads.com/2012-bud-light-platinum-factory/,https://www.youtube.com/watch?v=3LPLXuHlOCI,Beer,FALSE,TRUE,FALSE,FALSE,FALSE,FALSE,FALSE,64,8,88.89%,,,
206,2009,Doritos,https://superbowl-ads.com/2009-doritos-crystal-ball/,https://www.youtube.com/watch?v=Fdz0Q0GiEcc,Chips,TRUE,TRUE,FALSE,FALSE,TRUE,FALSE,FALSE,87,11,88.78%,,,
207,2006,Budweiser,https://superbowl-ads.com/2006-budweiser-streaker/,https://www.youtube.com/watch?v=Zb3fhsfs6ZU,Beer,TRUE,FALSE,FALSE,FALSE,FALSE,TRUE,TRUE,2400,86,96.54%,,,
208,2014,Bud Light,https://superbowl-ads.com/2014-bud-light-cool-twist/,https://www.youtube.com/watch?v=_l1nWWiut0I,Beer,FALSE,TRUE,FALSE,FALSE,FALSE,FALSE,FALSE,37,3,92.50%,,,
209,2005,Pepsi,https://superbowl-ads.com/2005-diet-pepsi-pdiddy/,https://www.youtube.com/watch?v=eXfNnSOOoVc,Soft Drink,TRUE,TRUE,FALSE,TRUE,FALSE,FALSE,TRUE,99,6,94.29%,,,
210,2005,Bud Light,https://superbowl-ads.com/2005-bud-light-cedric-stranded/,https://www.youtube.com/watch?v=Q5Hu_FBUIsk,Beer,TRUE,TRUE,FALSE,TRUE,FALSE,TRUE,TRUE,9,0,100.00%,,,
211,2007,Bud Light,https://superbowl-ads.com/2007-bud-light-apes-plan/,https://www.youtube.com/watch?v=osn2rzClKh0,Beer,TRUE,TRUE,FALSE,FALSE,FALSE,TRUE,FALSE,NaN,NaN,NaN,,,
212,2005,Pepsi,https://superbowl-ads.com/2005-diet-pepsi-hot-guy/,https://www.youtube.com/watch?v=bHY2miRSwh4,Soft Drink,TRUE,FALSE,FALSE,TRUE,FALSE,FALSE,TRUE,3,0,100.00%,,,
213,2015,Budweiser,https://superbowl-ads.com/2015-budweiser-lost-dog/,https://www.youtube.com/watch?v=otCxSnu_HXA,Beer,FALSE,TRUE,TRUE,FALSE,TRUE,TRUE,FALSE,2400,42,98.28%,,,
214,2019,Bud Light,https://superbowl-ads.com/2019-bud-light-game-of-thrones-joust/,https://www.youtube.com/watch?v=8fhOItB0zUM,Beer,TRUE,TRUE,FALSE,FALSE,TRUE,TRUE,FALSE,94000,13000,87.85%,,,
215,2004,Bud Light,https://superbowl-ads.com/2004-bud-light-cedric-gets-massage/,https://www.youtube.com/watch?v=gWqR28uRxXw,Beer,TRUE,TRUE,FALSE,TRUE,FALSE,FALSE,TRUE,47,2,95.92%,,,
216,2003,Budweiser,https://superbowl-ads.com/2003-budweiser-roommate/,https://www.youtube.com/watch?v=R67qcUIbFhs,Beer,TRUE,FALSE,FALSE,FALSE,FALSE,FALSE,TRUE,10,0,100.00%,,,
217,2009,E-Trade,https://superbowl-ads.com/2009-etrade-talking-baby/,https://www.youtube.com/watch?v=PlqWRADszb0,Trading,TRUE,TRUE,FALSE,FALSE,FALSE,FALSE,FALSE,935,28,97.09%,,,
218,2013,Pepsi,https://superbowl-ads.com/video-2013-pepsi-next-super-bowl-xlvii-commercial-party/,https://www.youtube.com/watch?v=WAySopBmbtI,Soft Drink,TRUE,FALSE,FALSE,FALSE,FALSE,FALSE,TRUE,2,0,100.00%,,,
219,2004,Budweiser,https://superbowl-ads.com/2004-budweiser-lipstick/,https://www.youtube.com/watch?v=zM4rU4jit5k,Beer,TRUE,FALSE,FALSE,TRUE,FALSE,TRUE,TRUE,514,9,98.28%,,,
220,2009,Hynudai,https://superbowl-ads.com/2009-hyundai-assurance-contract/,https://www.youtube.com/watch?v=lzQ2NeqjYS0,Automotive,FALSE,TRUE,FALSE,FALSE,FALSE,FALSE,FALSE,7,0,100.00%,,,
221,2014,Budweiser,https://superbowl-ads.com/2014-budweiser-puppy-love/,https://www.youtube.com/watch?v=gUGGepL5gGU,Beer,FALSE,FALSE,TRUE,FALSE,FALSE,TRUE,FALSE,236,39,85.82%,,,
222,2003,Pepsi,https://superbowl-ads.com/2003-pepsi-twist-osbornes/,https://www.youtube.com/watch?v=dnHEqQGl0yA,Soft Drink,TRUE,TRUE,FALSE,TRUE,FALSE,FALSE,FALSE,NaN,NaN,NaN,,,
223,2015,Coca-Cola,https://superbowl-ads.com/2015-coca-cola-make-it-happy/,https://www.youtube.com/watch?v=1AeG8tCzTGw,Soft Drink,FALSE,FALSE,FALSE,FALSE,FALSE,FALSE,FALSE,486,24,95.29%,,,
224,2003,NFL,https://superbowl-ads.com/2003-nfl-crazy-with-don-cheadle/,https://www.youtube.com/watch?v=Bs0Iwwl-5Lk,Football,FALSE,FALSE,FALSE,TRUE,FALSE,FALSE,FALSE,44,2,95.65%,,,
225,2012,Doritos,https://superbowl-ads.com/2012-doritos-sling-baby/,https://www.youtube.com/watch?v=6SWNLDdnz0A,Chips,TRUE,TRUE,FALSE,FALSE,FALSE,FALSE,FALSE,315000,100000,75.90%,,,
226,2002,Pepsi,https://superbowl-ads.com/2002-pepsi-generations-with-britney-spears/,https://www.youtube.com/watch?v=TG4giyL-4Sk,Soft Drink,FALSE,TRUE,FALSE,TRUE,FALSE,FALSE,TRUE,8500,105,98.78%,,,
227,2002,Bud Light,https://superbowl-ads.com/2002-bud-light-cedric-advice/,https://www.youtube.com/watch?v=OfLLLnAngZI,Beer,TRUE,TRUE,FALSE,TRUE,TRUE,FALSE,TRUE,29,0,100.00%,,,
228,2000,Budweiser,https://superbowl-ads.com/2000-budweiser-whaasup/,https://www.youtube.com/watch?v=JJmqCKtJnxM,Beer,TRUE,TRUE,FALSE,FALSE,FALSE,FALSE,FALSE,38000,730,98.12%,,,
229,2001,Bud Light,https://superbowl-ads.com/2001-bud-light-cedric-the-entertainer/,https://www.youtube.com/watch?v=h-HHbtwX5vY,Beer,TRUE,FALSE,FALSE,TRUE,FALSE,FALSE,TRUE,3,0,100.00%,,,
230,2013,Hynudai,https://superbowl-ads.com/video-2013-hyundai-genesis-super-bowl-xlvii-commercial/,https://www.youtube.com/watch?v=mOatp4Xi7IU,Automotive,FALSE,TRUE,FALSE,FALSE,FALSE,FALSE,FALSE,8,0,100.00%,,,
231,2015,Toyota,https://superbowl-ads.com/toyota-camry-2015-super-bowl-xlix-ad-my-bold-dad/,https://www.youtube.com/watch?v=9u4--TxE2gI,Automotive,FALSE,TRUE,TRUE,FALSE,FALSE,FALSE,FALSE,314,8,97.52%,,,
232,2000,Budweiser,https://superbowl-ads.com/2000-budweiser-rex/,https://www.youtube.com/watch?v=GgXsLHifz9k,Beer,TRUE,FALSE,FALSE,FALSE,TRUE,TRUE,FALSE,167,7,95.98%,,,
233,2001,Doritos,https://superbowl-ads.com/2001-doritos-ali-landry/,https://www.youtube.com/watch?v=xbrvsJZSxok,Chips,TRUE,TRUE,FALSE,TRUE,FALSE,FALSE,TRUE,15,0,100.00%,,,
234,2016,Doritos,https://superbowl-ads.com/doritos-2016-super-bowl-50-ad-doritos-dogs/,https://www.youtube.com/watch?v=MNRAdrB9TSs,Chips,TRUE,TRUE,FALSE,FALSE,FALSE,TRUE,FALSE,3900,182,95.54%,,,
235,2008,Bud Light,https://superbowl-ads.com/2008-bud-light-ability-to-fly/,https://www.youtube.com/watch?v=-axbiEJiRGw,Beer,TRUE,TRUE,FALSE,FALSE,FALSE,FALSE,FALSE,13,2,86.67%,,,
236,2007,Doritos,https://superbowl-ads.com/2007-doritos-check-out-girl/,https://www.youtube.com/watch?v=nIcFZzdXSrU,Chips,TRUE,TRUE,FALSE,FALSE,FALSE,FALSE,TRUE,278,78,78.09%,,,
237,2001,NFL,https://superbowl-ads.com/2001-nfl-perfect-day/,,Football,FALSE,FALSE,FALSE,TRUE,FALSE,FALSE,FALSE,NaN,NaN,NaN,,,
238,2001,Pepsi,https://superbowl-ads.com/2001-pepsi-bob-dole/,https://www.youtube.com/watch?v=6h7wifUL8mk,Soft Drink,TRUE,FALSE,TRUE,TRUE,FALSE,TRUE,TRUE,15,2,88.24%,,,
239,2014,NFL,https://superbowl-ads.com/nfl-now/,,Football,FALSE,TRUE,FALSE,FALSE,FALSE,FALSE,FALSE,NaN,NaN,NaN,,,
240,2012,Budweiser,https://superbowl-ads.com/2012-budweiser-eternal-optimism/,https://www.youtube.com/watch?v=_GeiOdHsW_8,Beer,FALSE,TRUE,TRUE,FALSE,FALSE,TRUE,TRUE,598,101,85.55%,,,
241,2001,Pepsi,https://superbowl-ads.com/2001-pepsi-kasparov-vs-pepsi-machine/,https://www.youtube.com/watch?v=pldGc0Cpf84,Soft Drink,TRUE,FALSE,FALSE,TRUE,TRUE,FALSE,FALSE,21,0,100.00%,,,
242,2001,E-Trade,https://superbowl-ads.com/2001-etrade-security-guard/,https://www.youtube.com/watch?v=39BL7iqe6pQ,Trading,TRUE,FALSE,FALSE,FALSE,TRUE,FALSE,FALSE,14,5,73.68%,,,
243,2001,Budweiser,https://superbowl-ads.com/2001-budweiser-nsync/,https://www.youtube.com/watch?v=H9YdunAo3Ug,Beer,FALSE,FALSE,FALSE,TRUE,FALSE,FALSE,FALSE,360,5,98.63%,,,
